source_brand,detected_brands,comment,page,url
,diğer,"12.10.2025 tarihinde Konya Kulesite Alışveriş Merkezi Teknosa mağazasından Huawei 12X model tablet satın aldım. Tableti ilk açtığımda ekranda donma yaşadım, kapatıp açınca düzeldiğini düşündüm fakat daha sonra Petal Search üzerinden sitelere girdiğimde ve bazı uygulamalarda tekrar kasma ve ekran don...",1,https://www.sikayetvar.com/search?search=samsung&page=1
,diğer,"28 Ekim 2025 Salı akşamı saat 20:56’da, Mi 10 t model Android telefonumdan Google Play Store üzerinden Chatbot ai Sea - chatbot ai Premium 1 Week FT7Days (Chatbot ai - Search Assistant) uygulamasını indirdim. Uygulama ücretsiz olarak sunuluyordu ve herhangi bir ücretlendirme yapılacağına dair açık b...",1,https://www.sikayetvar.com/search?search=samsung&page=1
,diğer,"İkas'tan yaklaşık 3 ay önce 45.000 TL bedelle e-ticaret altyapı paketi satın aldım. Satın alma aşamasında telefon desteği, Google uyumluluğu, sayfa açılma hızı ve benzeri birçok konuda WhatsApp üzerinden benimle görüşülerek destek verileceği açıkça taahhüt edildi. Bu vaatlere güvenerek paketi aldım...",1,https://www.sikayetvar.com/search?search=samsung&page=1
,diğer,1,1,https://www.sikayetvar.com/search?search=samsung&page=1
,diğer,"Epttavm ve Grand Dağıtım: Sahte IMEI, Sahte Web Sitesi ve Organize Yanıltma! 22.12.2025 tarihinde Epttavm üzerinden PTT-CL57AKE25-221225 sipariş koduyla Grand dağıtım (Grand Dağıtım Teknoloji ve İletişim Hizmetleri tic. Ltd. Şti.) mağazasından ""Xiaomi Türkiye Garantili"" ibaresine güvenerek Xiaomi 14...",1,https://www.sikayetvar.com/search?search=samsung&page=1
,diğer,2,1,https://www.sikayetvar.com/search?search=samsung&page=1
,diğer,"Epttavm ve Grand Dağıtım: Sahte IMEI, Sahte Web Sitesi ve Organize Yanıltma! 22.12.2025 tarihinde Epttavm üzerinden PTT-CL57AKE25-221225 sipariş koduyla Grand dağıtım (Grand Dağıtım Teknoloji ve İletişim Hizmetleri tic. Ltd. Şti.) mağazasından ""Xiaomi Türkiye Garantili"" ibaresine güvenerek Xiaomi 14...",1,https://www.sikayetvar.com/search?search=samsung&page=1
,diğer,1,1,https://www.sikayetvar.com/search?search=samsung&page=1
,diğer,Şirketimizin Ideasoft bünyesinde kullandığı e-ticaret paketi kapsamında 2 adet web sitemiz bulunuyor. Yakın zamanda el değiştiren Ideasoft firmasıyla...,1,https://www.sikayetvar.com/search?search=samsung&page=1
,diğer,"Yıllardır Erkamp Outdoor için e-ticaret altyapısını ıdeasoft’un Platinum paketiyle kullanıyoruz. 2021’den beri, özellikle son aylarda sitemizde sürekli tekrarlayan 5xx, 522 ve 429 hataları yaşıyoruz. Bu hatalar yüzünden hem müşteriler hem de Google siteye sağlıklı erişemiyor. Cloudflare logları ve...",1,https://www.sikayetvar.com/search?search=samsung&page=1
,diğer,"28 Ekim 2025 Salı akşamı saat 20:56’da, Mi 10 t model Android telefonumdan Google Play Store üzerinden Chatbot ai Sea - chatbot ai Premium 1 Week FT7Days (Chatbot ai - Search Assistant) uygulamasını indirdim. Uygulama ücretsiz olarak sunuluyordu ve herhangi bir ücretlendirme yapılacağına dair açık b...",1,https://www.sikayetvar.com/search?search=samsung&page=1
,diğer,12.10.2025 tarihinde Konya Kulesite Teknosa şubesinden 27.999 TL ödeyerek Huawei Matepad 12X tablet satın aldım. Cihazı ilk açtığım andan itibaren ekranda donma ve kasma sorunları yaşadım. Başta geçici olduğunu düşündüm ancak özellikle Petal Search üzerinden sitelere girerken ve bazı uygulamalarda s...,1,https://www.sikayetvar.com/search?search=samsung&page=1
,diğer,"12.10.2025 tarihinde Konya Kulesite Alışveriş Merkezi Teknosa mağazasından Huawei 12X model tablet satın aldım. Tableti ilk açtığımda ekranda donma yaşadım, kapatıp açınca düzeldiğini düşündüm fakat daha sonra Petal Search üzerinden sitelere girdiğimde ve bazı uygulamalarda tekrar kasma ve ekran don...",1,https://www.sikayetvar.com/search?search=samsung&page=1
,diğer,"01 Ekim 2024 tarihinde Linkedin hesabıma başka bir hesaptan izinsiz giriş yapıldığını fark ettim. Evimde kullandığım iPhone cihazı üzerinden modem girişimde ""Şifreniz güvenli değil"" uyarısı aldım ve hemen modem arayüz şifremi değiştirdim. Linkedin hesabımın şifresinin ne zamandır ele geçirildiğini b...",1,https://www.sikayetvar.com/search?search=samsung&page=1
,Turkcell,"Turkcell gnç faturalı hat kullanıcısıyım. 2 Ekim 2025 tarihinde saat 14:55’ten itibaren şu an bu mesajı yazdığım 16:56’ya kadar, Sakarya Hendek’te şebeke problemi yaşıyorum ve halen şebeke gelmiş değil. Özellikle küçük bir depremde bile, depremin olduğu il veya ilçe fark etmeksizin, çevremdeki tüm T...",1,https://www.sikayetvar.com/search?search=samsung&page=1
,diğer,"Samsung TAB A9 Plus kullanıcısıyım. One UI 7 güncellemesi duyurulduğundan beri, Galaxy AI özelliklerinin en azından bir kısmının cihazıma eklenmesini büyük bir heyecanla bekliyordum. Özellikle Not Asistanı, Samsung İnternet Asistanı, Nesne Silme, Nesne Oluşturma, Ses Silici ve mümkünse Circle to Sea...",1,https://www.sikayetvar.com/search?search=samsung&page=1
,diğer,14.09.2025 tarihinde Ofisomi'nin internet reklamında gördüğüm Epson L3151 Orijinal Tanklı Multifonksiyon 4 Renk Yazıcı için belirtilen fiyat ile firmanın internet sitesine girdiğimde karşılaştığım fiyat birbirinden farklıydı. Reklamdaki uygun fiyatı görmek için siteye yönlendirildim fakat sitede dah...,1,https://www.sikayetvar.com/search?search=samsung&page=1
,diğer,Windows bilgisayarımda Google Chrome tarayıcısı üzerinden https://www.google.com/search?sa=X&sca_esv=0cbe38edb3c0f9fe&tbm=lcl&q=Seda%20M%C3%BCzik%20Center%20Yorumlar&rflfq=1&num=20&stick=H4sIAAAAAAAAAONgkxK2NDEzNTYxMjS1MDK2tDQ3NTM03cDI-IpROjg1JVHB9_CeqsxsBefUvJLUIoXI_KLS3JzEokWs-GQBQRA96lYAAAA&rldim...,1,https://www.sikayetvar.com/search?search=samsung&page=1
,diğer,"doktortakvimi.com işletmesinde uzun zaman önce üyeliğimi sonlandırmama rağmen, mail adresime bağlı işletme hesabımın sahipliğini tarafıma devretmiyorlar. Mailime bağlı işletme hesabımın sahipliğinin tarafıma devredilmesini ve doktortakvimi sayfasındaki profilimin kaldırılmasını talep ediyorum. Yakla...",1,https://www.sikayetvar.com/search?search=samsung&page=1
,diğer,4 Eylül tarihinde https://yolcu.360-pro-mobil.com/tr/search?pickupLocation=Alt%C4%B1nda%C4%9F+%28Ankara%29&dropoff_location=Alt%C4%B1nda%C4%9F+%28Ankara%29&pickupdate=04.09.2025&pickupdate=04.09.2025&pickupTime=10%3A00&dropoffDate=05.09.2025&dropoffTime=10%3A00 üzerinden araç kiralama işlemi yaptım...,1,https://www.sikayetvar.com/search?search=samsung&page=1
,diğer,Ticimax E-Ticaret paketi kullanıcısıyım. Ürün arama özelliğiyle ilgili ciddi bir sorun yaşamaktayım. 23 Ağustos tarihinde www.elisafashionwoman.com si...,1,https://www.sikayetvar.com/search?search=samsung&page=1
,diğer,"17.08.2025 tarihinde Expressvilla üzerinden Villa Herakles Duo için toplam 21.964 TL ödeme yaptım. Ödeme sonrasında tarafıma herhangi bir bilgilendirme yapılmadı. WhatsApp üzerinden iletişime geçtiğimde, açıklama kısmına rezervasyon kodunu yazmam gerektiği, aksi takdirde paramın askıya alındığı ve i...",1,https://www.sikayetvar.com/search?search=samsung&page=1
,diğer,2,1,https://www.sikayetvar.com/search?search=samsung&page=1
,diğer,"Hepsiburada üzerinden Getmobile “Eskiyi Yenile” kampanyasından iPhone 13 satın aldım. Kampanya şartlarına uygun olarak eski cihazım için Getmobile uygulamasından kod aldım ve yeni cihaz için ödememi yaptım. Ancak cihazımı teslim edip yenisini almak istediğimde, uygulamada “Dash IMEI search failed: U...",1,https://www.sikayetvar.com/search?search=samsung&page=1
,diğer,"Merhaba, IdeaSoft'tan 2024 Ekim'de paket aldım. Kargo entegrasyonu ve ödeme altyapı entegrasyonu tamam, iyi güzel; ama SEO ayarlarını, ürün içerik ayarlarını, Analytics hesabı, Google Merchant Center, Google Search, Tag Manager, Google Ads gibi uygulamaların kurulumlarını ve siteyle bağlantılarını ş...",1,https://www.sikayetvar.com/search?search=samsung&page=1
,diğer,"Antalya ili Döşemealtı'nda, Google aracılığıyla ""https://www.google.com/search?q=döşemealtı+damacana+su"" adresinde Erikli bayisi olduğunu düşünerek bir damacana su sipariş ettik. Bir tane getirmiyoruz, iki tane getiririz dendi ve sular geldi. Üç gün sonra aradığımızda zam geldiği, fiyatın 150 TL'den...",1,https://www.sikayetvar.com/search?search=samsung&page=1
,diğer,"Merhaba, 06.07.2025 tarihinde ""https://siaora.com/search?options%5Bprefix%5D=last&q=elbise"" adresinden bir elbise siparişi verdim. Siparişim onaylandı ve onay kodu: ""0AIWHEZMG"". Kartımdan 3.122,17 TL ücret çekildi. Ancak giriş yapıp kontrol ettiğimde siparişim hiçbir şekilde görünmüyor. Hiç sipariş...",1,https://www.sikayetvar.com/search?search=samsung&page=1
,diğer,2,1,https://www.sikayetvar.com/search?search=samsung&page=1
,diğer,2,1,https://www.sikayetvar.com/search?search=samsung&page=1
,diğer,"Satın Aldığım Uygulamaya Giriş Yapamadım, İade Talep Ediyorum",1,https://www.sikayetvar.com/search?search=samsung&page=1
,diğer,Arnavutluk maçı için ikl yarı sonrası satıl aldığım uygulamanız için saatlerce giriş yapamadım. Google search sonrası sizi aradım ve asla bağlanamadım. 500 TL'yi almayı çok iyi biliyorsunuz. Tarafıma dönüş bekliyorum. Çok kurumsalsınız ya iade istiyorum,1,https://www.sikayetvar.com/search?search=samsung&page=1
,diğer,2,1,https://www.sikayetvar.com/search?search=samsung&page=1
,diğer,3,1,https://www.sikayetvar.com/search?search=samsung&page=1
,diğer,4,1,https://www.sikayetvar.com/search?search=samsung&page=1
,diğer,7,1,https://www.sikayetvar.com/search?search=samsung&page=1
,diğer,,1,https://www.sikayetvar.com/search?search=samsung&page=1
,diğer,"İkas'tan yaklaşık 3 ay önce 45.000 TL bedelle e-ticaret altyapı paketi satın aldım. Satın alma aşamasında telefon desteği, Google uyumluluğu, sayfa açılma hızı ve benzeri birçok konuda WhatsApp üzerinden benimle görüşülerek destek verileceği açıkça taahhüt edildi. Bu vaatlere güvenerek paketi aldım...",1,https://www.sikayetvar.com/search?search=samsung&page=1
,diğer,"Epttavm ve Grand Dağıtım: Sahte IMEI, Sahte Web Sitesi ve Organize Yanıltma! 22.12.2025 tarihinde Epttavm üzerinden PTT-CL57AKE25-221225 sipariş koduyla Grand dağıtım (Grand Dağıtım Teknoloji ve İletişim Hizmetleri tic. Ltd. Şti.) mağazasından ""Xiaomi Türkiye Garantili"" ibaresine güvenerek Xiaomi 14...",1,https://www.sikayetvar.com/search?search=samsung&page=1
,diğer,"Epttavm ve Grand Dağıtım: Sahte IMEI, Sahte Web Sitesi ve Organize Yanıltma! 22.12.2025 tarihinde Epttavm üzerinden PTT-CL57AKE25-221225 sipariş koduyla Grand dağıtım (Grand Dağıtım Teknoloji ve İletişim Hizmetleri tic. Ltd. Şti.) mağazasından ""Xiaomi Türkiye Garantili"" ibaresine güvenerek Xiaomi 14...",1,https://www.sikayetvar.com/search?search=samsung&page=1
,diğer,Şirketimizin Ideasoft bünyesinde kullandığı e-ticaret paketi kapsamında 2 adet web sitemiz bulunuyor. Yakın zamanda el değiştiren Ideasoft firmasıyla...,1,https://www.sikayetvar.com/search?search=samsung&page=1
,diğer,"Yıllardır Erkamp Outdoor için e-ticaret altyapısını ıdeasoft’un Platinum paketiyle kullanıyoruz. 2021’den beri, özellikle son aylarda sitemizde sürekli tekrarlayan 5xx, 522 ve 429 hataları yaşıyoruz. Bu hatalar yüzünden hem müşteriler hem de Google siteye sağlıklı erişemiyor. Cloudflare logları ve...",1,https://www.sikayetvar.com/search?search=samsung&page=1
,diğer,"28 Ekim 2025 Salı akşamı saat 20:56’da, Mi 10 t model Android telefonumdan Google Play Store üzerinden Chatbot ai Sea - chatbot ai Premium 1 Week FT7Days (Chatbot ai - Search Assistant) uygulamasını indirdim. Uygulama ücretsiz olarak sunuluyordu ve herhangi bir ücretlendirme yapılacağına dair açık b...",1,https://www.sikayetvar.com/search?search=samsung&page=1
,diğer,12.10.2025 tarihinde Konya Kulesite Teknosa şubesinden 27.999 TL ödeyerek Huawei Matepad 12X tablet satın aldım. Cihazı ilk açtığım andan itibaren ekranda donma ve kasma sorunları yaşadım. Başta geçici olduğunu düşündüm ancak özellikle Petal Search üzerinden sitelere girerken ve bazı uygulamalarda s...,1,https://www.sikayetvar.com/search?search=samsung&page=1
,diğer,"12.10.2025 tarihinde Konya Kulesite Alışveriş Merkezi Teknosa mağazasından Huawei 12X model tablet satın aldım. Tableti ilk açtığımda ekranda donma yaşadım, kapatıp açınca düzeldiğini düşündüm fakat daha sonra Petal Search üzerinden sitelere girdiğimde ve bazı uygulamalarda tekrar kasma ve ekran don...",1,https://www.sikayetvar.com/search?search=samsung&page=1
,diğer,"01 Ekim 2024 tarihinde Linkedin hesabıma başka bir hesaptan izinsiz giriş yapıldığını fark ettim. Evimde kullandığım iPhone cihazı üzerinden modem girişimde ""Şifreniz güvenli değil"" uyarısı aldım ve hemen modem arayüz şifremi değiştirdim. Linkedin hesabımın şifresinin ne zamandır ele geçirildiğini b...",1,https://www.sikayetvar.com/search?search=samsung&page=1
,Turkcell,"Turkcell gnç faturalı hat kullanıcısıyım. 2 Ekim 2025 tarihinde saat 14:55’ten itibaren şu an bu mesajı yazdığım 16:56’ya kadar, Sakarya Hendek’te şebeke problemi yaşıyorum ve halen şebeke gelmiş değil. Özellikle küçük bir depremde bile, depremin olduğu il veya ilçe fark etmeksizin, çevremdeki tüm T...",1,https://www.sikayetvar.com/search?search=samsung&page=1
,diğer,"Samsung TAB A9 Plus kullanıcısıyım. One UI 7 güncellemesi duyurulduğundan beri, Galaxy AI özelliklerinin en azından bir kısmının cihazıma eklenmesini büyük bir heyecanla bekliyordum. Özellikle Not Asistanı, Samsung İnternet Asistanı, Nesne Silme, Nesne Oluşturma, Ses Silici ve mümkünse Circle to Sea...",1,https://www.sikayetvar.com/search?search=samsung&page=1
,diğer,14.09.2025 tarihinde Ofisomi'nin internet reklamında gördüğüm Epson L3151 Orijinal Tanklı Multifonksiyon 4 Renk Yazıcı için belirtilen fiyat ile firmanın internet sitesine girdiğimde karşılaştığım fiyat birbirinden farklıydı. Reklamdaki uygun fiyatı görmek için siteye yönlendirildim fakat sitede dah...,1,https://www.sikayetvar.com/search?search=samsung&page=1
,diğer,Windows bilgisayarımda Google Chrome tarayıcısı üzerinden https://www.google.com/search?sa=X&sca_esv=0cbe38edb3c0f9fe&tbm=lcl&q=Seda%20M%C3%BCzik%20Center%20Yorumlar&rflfq=1&num=20&stick=H4sIAAAAAAAAAONgkxK2NDEzNTYxMjS1MDK2tDQ3NTM03cDI-IpROjg1JVHB9_CeqsxsBefUvJLUIoXI_KLS3JzEokWs-GQBQRA96lYAAAA&rldim...,1,https://www.sikayetvar.com/search?search=samsung&page=1
,diğer,"doktortakvimi.com işletmesinde uzun zaman önce üyeliğimi sonlandırmama rağmen, mail adresime bağlı işletme hesabımın sahipliğini tarafıma devretmiyorlar. Mailime bağlı işletme hesabımın sahipliğinin tarafıma devredilmesini ve doktortakvimi sayfasındaki profilimin kaldırılmasını talep ediyorum. Yakla...",1,https://www.sikayetvar.com/search?search=samsung&page=1
,diğer,4 Eylül tarihinde https://yolcu.360-pro-mobil.com/tr/search?pickupLocation=Alt%C4%B1nda%C4%9F+%28Ankara%29&dropoff_location=Alt%C4%B1nda%C4%9F+%28Ankara%29&pickupdate=04.09.2025&pickupdate=04.09.2025&pickupTime=10%3A00&dropoffDate=05.09.2025&dropoffTime=10%3A00 üzerinden araç kiralama işlemi yaptım...,1,https://www.sikayetvar.com/search?search=samsung&page=1
,diğer,Ticimax E-Ticaret paketi kullanıcısıyım. Ürün arama özelliğiyle ilgili ciddi bir sorun yaşamaktayım. 23 Ağustos tarihinde www.elisafashionwoman.com si...,1,https://www.sikayetvar.com/search?search=samsung&page=1
,diğer,"17.08.2025 tarihinde Expressvilla üzerinden Villa Herakles Duo için toplam 21.964 TL ödeme yaptım. Ödeme sonrasında tarafıma herhangi bir bilgilendirme yapılmadı. WhatsApp üzerinden iletişime geçtiğimde, açıklama kısmına rezervasyon kodunu yazmam gerektiği, aksi takdirde paramın askıya alındığı ve i...",1,https://www.sikayetvar.com/search?search=samsung&page=1
,diğer,"Hepsiburada üzerinden Getmobile “Eskiyi Yenile” kampanyasından iPhone 13 satın aldım. Kampanya şartlarına uygun olarak eski cihazım için Getmobile uygulamasından kod aldım ve yeni cihaz için ödememi yaptım. Ancak cihazımı teslim edip yenisini almak istediğimde, uygulamada “Dash IMEI search failed: U...",1,https://www.sikayetvar.com/search?search=samsung&page=1
,diğer,"Merhaba, IdeaSoft'tan 2024 Ekim'de paket aldım. Kargo entegrasyonu ve ödeme altyapı entegrasyonu tamam, iyi güzel; ama SEO ayarlarını, ürün içerik ayarlarını, Analytics hesabı, Google Merchant Center, Google Search, Tag Manager, Google Ads gibi uygulamaların kurulumlarını ve siteyle bağlantılarını ş...",1,https://www.sikayetvar.com/search?search=samsung&page=1
,diğer,"Antalya ili Döşemealtı'nda, Google aracılığıyla ""https://www.google.com/search?q=döşemealtı+damacana+su"" adresinde Erikli bayisi olduğunu düşünerek bir damacana su sipariş ettik. Bir tane getirmiyoruz, iki tane getiririz dendi ve sular geldi. Üç gün sonra aradığımızda zam geldiği, fiyatın 150 TL'den...",1,https://www.sikayetvar.com/search?search=samsung&page=1
,diğer,"Merhaba, 06.07.2025 tarihinde ""https://siaora.com/search?options%5Bprefix%5D=last&q=elbise"" adresinden bir elbise siparişi verdim. Siparişim onaylandı ve onay kodu: ""0AIWHEZMG"". Kartımdan 3.122,17 TL ücret çekildi. Ancak giriş yapıp kontrol ettiğimde siparişim hiçbir şekilde görünmüyor. Hiç sipariş...",1,https://www.sikayetvar.com/search?search=samsung&page=1
,diğer,Arnavutluk maçı için ikl yarı sonrası satıl aldığım uygulamanız için saatlerce giriş yapamadım. Google search sonrası sizi aradım ve asla bağlanamadım. 500 TL'yi almayı çok iyi biliyorsunuz. Tarafıma dönüş bekliyorum. Çok kurumsalsınız ya iade istiyorum,1,https://www.sikayetvar.com/search?search=samsung&page=1
,diğer,İsimtescil.net'den aldığımız Web kılavuz paketine Google'ın gerekli kodunu müşteri temsilcisi desteği ile 1.5 ay boyunca sürekli olarak eklememe ve Search Console'dan gerekli indekslemeleri yapmama rağmen sitem Google'da isimtescil.net başlığıyla görünüyor. Müşteri temsilcisi desteği ile ne yaparsak...,2,https://www.sikayetvar.com/search?search=samsung&page=2
,diğer,21.02.2025 tarihinde Ginitalent firmasında Search Quality Improvement Specialist olarak göreve başladım. Yaklaşık 1 ay boyunca verilen görevleri ve eğitimleri titizlikle yaptım. Fakat yine yaklaşık 15 gündür hesabımda herhangi bir görev tanımlanmıyor. Konuyla ilgili destek hesabına mail attığımda is...,2,https://www.sikayetvar.com/search?search=samsung&page=2
,diğer,"https://www.google.com/search?q=itematis.com üzerinden gerçekleştirmeye çalıştığım satın alma işlemi sırasında ""Üyeliğinizde ilan satın alma kapatılmıştır. Bunun bir hata olduğunu düşünüyorsanız lütfen yönetim ile iletişime geçiniz."" şeklinde bir hata mesajı ile karşılaştım. Bu durum, ilanda belirti...",2,https://www.sikayetvar.com/search?search=samsung&page=2
,diğer,"Nissan Qashqai 2016 aracımın aldığım 2017 yılından bu yana navigasyon güncellemesi için bin tane vaade bulundular. Bir tane gerçekleştirmediler. 9 yıl boyunca sorunla alakalı muhatap bulamadım. En son aracımın online search, Twitter ve tripadvisor uygulamalarına Nissan Connect uygulaması sayesinde g...",2,https://www.sikayetvar.com/search?search=samsung&page=2
,diğer,"25.04.2025 tarihinde iki kadın arkadaş olarak Şarm el Şeyh'ten Kahire turuna katıldık. Genel olarak şirketin yönlendirme, bilgilendirme, organizasyon konularında çok ciddi sıkıntıları var. Yazdığımız mesajlara ya cevap vermediler ya baştan savma cevaplar verdiler. Ne rehber bilgisi ne bilet bilgisi...",2,https://www.sikayetvar.com/search?search=samsung&page=2
,diğer,1,2,https://www.sikayetvar.com/search?search=samsung&page=2
,diğer,Beş Yıl Dolunca Asus Laptopa Servis Desteği Verilmedi,2,https://www.sikayetvar.com/search?search=samsung&page=2
,diğer,Asus i9 2070 ekran kartlı laptop aldık. Ürün 5 yılını bir ay doldurdu diye servise almadılar. Sanayi Bakanlığı beş yılı doldurunca yedek parça getirme izni vermiyor deyip topu da devlete atıyorlar. Arkadaşlar laptoplara fazla para vermeye gerek yok beş yıl sonra çöp çünkü. Asus (in search of incredi...,2,https://www.sikayetvar.com/search?search=samsung&page=2
,diğer,Fiyat Tutarsızlığı: Tüketici Güvenini Zedeleyen Yanıltıcı Uygulama,2,https://www.sikayetvar.com/search?search=samsung&page=2
,diğer,"Google aramalarında bir ürünün fiyatı 1.550 TL olarak görünmesine rağmen, ilgili linke tıklayıp Trendyol sitesine yönlendirildiğimde fiyatın 1.650 TL olduğunu fark ettim. Bu durum, tüketiciyi yanıltmaya yönelik bir uygulama olup, dürüst ve şeffaf alışveriş prensiplerine aykırıdır. Yanlış yönlendirm...",2,https://www.sikayetvar.com/search?search=samsung&page=2
,diğer,21.02.2025 tarihinde Ginitalent firmasında Search Quality Improvement Specialist olarak göreve başladım. Yaklaşık 1 ay boyunca verilen görevleri ve eğitimleri titizlikle yaptım. Fakat yine yaklaşık 15 gündür hesabımda herhangi bir görev tanımlanmıyor. Konuyla ilgili destek hesabına mail attığımda is...,2,https://www.sikayetvar.com/search?search=samsung&page=2
,diğer,1,2,https://www.sikayetvar.com/search?search=samsung&page=2
,diğer,1,2,https://www.sikayetvar.com/search?search=samsung&page=2
,diğer,"Bende Avis diye search edip internet sitesine girdim ve istediğim aracı seçerek ""rezervasyon yap"" kısmına tıkladım. WhatsApp'tan iletişime geçtik ve sürücü belgemin ön arka yüzü ve yedek sürücünün aynı şekilde ön görseli istendi ve ilettim. Sonrasında rezervasyonumun onaylandığını söylediler ve e-f...",2,https://www.sikayetvar.com/search?search=samsung&page=2
,diğer,1,2,https://www.sikayetvar.com/search?search=samsung&page=2
,diğer,İsimtescil.net'den aldığımız Web kılavuz paketine Google'ın gerekli kodunu müşteri temsilcisi desteği ile 1.5 ay boyunca sürekli olarak eklememe ve Search Console'dan gerekli indekslemeleri yapmama rağmen sitem Google'da isimtescil.net başlığıyla görünüyor. Müşteri temsilcisi desteği ile ne yaparsak...,2,https://www.sikayetvar.com/search?search=samsung&page=2
,diğer,Fiyat Uyuşmazlığı: Online Gösterilen Fiyatla Site Fiyatı Farklı,2,https://www.sikayetvar.com/search?search=samsung&page=2
,diğer,SuperStep online da Converse markalı bir ürün için Google search listeleme ekranında gösterilen tutar 2269 TL iken siteye giriş yaptığında 4299 TL olarak değişmektedir. Ben ürünü gördüğüm fiyata almak istiyorum. Fiyat uyuşmazlığı için THH'ye başvuracağım,2,https://www.sikayetvar.com/search?search=samsung&page=2
,diğer,"Kayseri-Melikgazi-Şirintepe Mahallesi'nde ikamet ediyorum. PTT Kargo tarafından gelecek olan KP0544***2707 numaralı kargomla alakalı şikayetim var. Eşim sabahtan beridir evde pür dikkat kargoyu bekliyor, adamlar bırakın gelip bulamamayı, sokağa bile girmeden gidip kargoyu Şirintepe PTT şubesine bıra...",2,https://www.sikayetvar.com/search?search=samsung&page=2
,diğer,Sigorta İadesinde Eksik Tutar Ve Müşteri Hizmetleri Sıkıntısı,2,https://www.sikayetvar.com/search?search=samsung&page=2
,diğer,Bütün serüven 11 Ocak tarihinde eşim adına tamamlayıcı sağlık sigortası yapmak istememle başladı. Google üzerinden web search aracılığıyla dijipol mar...,2,https://www.sikayetvar.com/search?search=samsung&page=2
,diğer,Yanlış Üyelik Ücreti Şoku,2,https://www.sikayetvar.com/search?search=samsung&page=2
,diğer,Ben böyle bir üyelik yapmadım bu uygulamayı sadece yükledim sildim anında bu ne parası üyede olmadım Google Play Store üzerinden yaptığınız Codespace - chatbot Aİ Premium 1 Week FT7Days (Chatbot Aİ - Search Assistant) üyelik işlemi için 259.99 TL ücretlendirildiniz. Bütün ödemelerinizi payments.goog...,2,https://www.sikayetvar.com/search?search=samsung&page=2
,diğer,Kazandığım İphone 15 İçin Bilgilendirilmedim,2,https://www.sikayetvar.com/search?search=samsung&page=2
,Vodafone,"Vodafone 31mart 2024 tıkla kazan çekilişinden ı phone 15 kazandığımı Google search' ten tesadüfen öğrendim. Kimse haber vermedi SMS e mail veya aranmadım. Telefon hakkımı kullanamadım. Bence çok büyük haksızlık. Telefonumun bana verilmesini talep ediyorum. Hiç haber verilmedi, kazanana haber verilir...",2,https://www.sikayetvar.com/search?search=samsung&page=2
,diğer,Sahibinden.com İlan Erişim Sorunu Ve Hesap Engeli Şüphesi,2,https://www.sikayetvar.com/search?search=samsung&page=2
,diğer,"Sahibinden.com üzerinden 21.01.2025 (21 Ocak) tarihinde araç ilanı oluşturdum. Üzerinden 5 gün geçti, 5 gündür aktif bir şekilde görüntüleyebildiğim ilanım şu anda hiçbir şekilde görüntülenememekte. Aracımı anasayfada Honda Civic kategorisinde görebiliyorum ancak ilan başlığına tıkladığımda ya da il...",2,https://www.sikayetvar.com/search?search=samsung&page=2
,diğer,Gazete Yetersizliği: Migros'ta Fanatik Gazetesi Krizi,2,https://www.sikayetvar.com/search?search=samsung&page=2
,diğer,"Küçükyalı Maltepe İstanbul'daki Migros'a günlük sadece 3 adet Fanatik gazetesi geliyor. Sabah erkenden onu da kapıcılar alıyor ve bitiyor. Koskoca Küçükyalı gibi kalabalık bir semtteki Migros mağazasına 3 adet gazete yollamak cimrilik. Son 1 yıldır her çalışana, her müdüre defalarca söylememize rağm...",2,https://www.sikayetvar.com/search?search=samsung&page=2
,diğer,TurkNet'te Erişim Sorunu: Acil Çözüm Bekleniyor,2,https://www.sikayetvar.com/search?search=samsung&page=2
,diğer,TurkNet yaklaşık 3 aydır Netflix Instagram ve Google search gibi sitelere girmiyor böyle internet şekli olabilir mi. Bu nasıl bir şey acil durumun düzeltilmesini bekliyorum. Müşteri hizmetlerine bağlanmak zaten. Böyle hizmet başka yerde görülmez. Turn,2,https://www.sikayetvar.com/search?search=samsung&page=2
,diğer,Yetkisiz Para Kesintileri İle Mücadele,2,https://www.sikayetvar.com/search?search=samsung&page=2
,diğer,"Google Exxen ve Google Search London, rızam dışında hesabımdan para kesintisi yapıyor. Defalarca yaşadım. Birkaç kez üstünde durmadım ancak devamlı tekrarlanıyor. Defalarca 19,99 TL şeklinde çekim yapılmış. CİMER'e başvuruda bulundum, sonucunu beklemekteyim.",2,https://www.sikayetvar.com/search?search=samsung&page=2
,Vodafone,Vodafone'un Fatura Ve Bağlantı Sorunları,2,https://www.sikayetvar.com/search?search=samsung&page=2
,Vodafone,"Vodafone, ödenen faturalara bile faiz uygulama kararı almış. Yaklaşık 12-13 yıldır Vodafone fiber internet kullanıcısıyım. 2 adet sorunum mevcut. 1) Wi-Fi bağlantısında mobil cihazımdan Google servislerini kullanamıyorum (Maps, Search, Gmail ve Youtube.com gibi.). Dolayısıyla sürekli mobil hattımı...",2,https://www.sikayetvar.com/search?search=samsung&page=2
,diğer,İstanbul'da Arnavutköy'de yaşıyorum. Her gün hava durumuna bakarak hareket ediyorum. https://www.google.com/search?q=hava+durumu+istanbul&client=ms-android-xiaomi-trev1&sca_esv=b35e440d7760fc68&sxsrf=ADLYWIJ8SriGfLBJAc8BQc68N0KI6aBJXw%3A1734034824276&ei=iEVbZ4TBELiSxc8P-YT88AU&oq=hava+durumu+&gs_lp=...,2,https://www.sikayetvar.com/search?search=samsung&page=2
,diğer,Yanıltıcı Bilgilendirme İle Satın Alma Deneyimi,2,https://www.sikayetvar.com/search?search=samsung&page=2
,diğer,"Merhaba, Samsung Galaxy TAB S9 FE Plus tableti satın almadan önce üç kez (iki kere online satış uzmanına, bir kez de mağazada yüz yüze) satış uzmanına üründe yapay zeka özelliklerinin tamamının olup olmadığını detaylı olarak tek tek belirterek sordum (not asistanı, ses kaydını yazıya dökme, çeviri v...",2,https://www.sikayetvar.com/search?search=samsung&page=2
,diğer,1,2,https://www.sikayetvar.com/search?search=samsung&page=2
,diğer,Yanıltıcı Fiyatlandırma Ve Bilgilendirme Eksikliği,2,https://www.sikayetvar.com/search?search=samsung&page=2
,diğer,https://www.soknetinternet.com.tr/?source=GOOGLE_ADS&utm_source=Google+Ads&utm_medium=Search+Jenerik+New+Site&utm_term=evde%20internet&gad_source=1&gclid=Cj0KCQiAlsy5BhDeARIsABRc6Zuig814UJZBzCOZTK9HobdNOEzE3BLmX0anK05PZouH8Y68JiBaBWUaAlJdEALw_wcB linkten de göreceğiniz üzere halen 269 TL'ye satış y...,2,https://www.sikayetvar.com/search?search=samsung&page=2
,diğer,Google search esnasında Vestel Teknik service olarak arattığımda karşıma çıkan ilk seçenek 444 6131 numaralı çağrı merkezi üzerinden burası ile iletişime geçtim. Telefon ile görüşme sağlamış olduğum arkadaşa altını çizerek Vestel yetkili servis olup olmadığını sorguladım. Kendileri Vestel'in yetkili...,2,https://www.sikayetvar.com/search?search=samsung&page=2
,diğer,1,2,https://www.sikayetvar.com/search?search=samsung&page=2
,Türk Telekom,Türk Telekom'un İnternet Hızı Hayal Kırıklığı,2,https://www.sikayetvar.com/search?search=samsung&page=2
,Türk Telekom,:) İnternet çekmiyor. Hat düşmüyor canım Türk Telekom'un hiç hizmet veremiyor. Neden böyle? Yıl 2024 fiyat konusunda çekince 0 ama hizmet de öyle bu doğrusallık yanlış. 30mb lik uygulama şu dönemde saniyesinde inmesi gerekirken dakika. Sadece Google ile search atmam salise sürmesi gerekirken sani...,2,https://www.sikayetvar.com/search?search=samsung&page=2
,diğer,,2,https://www.sikayetvar.com/search?search=samsung&page=2
,diğer,3,2,https://www.sikayetvar.com/search?search=samsung&page=2
,diğer,4,2,https://www.sikayetvar.com/search?search=samsung&page=2
,diğer,5,2,https://www.sikayetvar.com/search?search=samsung&page=2
,diğer,7,2,https://www.sikayetvar.com/search?search=samsung&page=2
,diğer,,2,https://www.sikayetvar.com/search?search=samsung&page=2
,diğer,"https://www.google.com/search?q=itematis.com üzerinden gerçekleştirmeye çalıştığım satın alma işlemi sırasında ""Üyeliğinizde ilan satın alma kapatılmıştır. Bunun bir hata olduğunu düşünüyorsanız lütfen yönetim ile iletişime geçiniz."" şeklinde bir hata mesajı ile karşılaştım. Bu durum, ilanda belirti...",2,https://www.sikayetvar.com/search?search=samsung&page=2
,diğer,"Nissan Qashqai 2016 aracımın aldığım 2017 yılından bu yana navigasyon güncellemesi için bin tane vaade bulundular. Bir tane gerçekleştirmediler. 9 yıl boyunca sorunla alakalı muhatap bulamadım. En son aracımın online search, Twitter ve tripadvisor uygulamalarına Nissan Connect uygulaması sayesinde g...",2,https://www.sikayetvar.com/search?search=samsung&page=2
,diğer,"25.04.2025 tarihinde iki kadın arkadaş olarak Şarm el Şeyh'ten Kahire turuna katıldık. Genel olarak şirketin yönlendirme, bilgilendirme, organizasyon konularında çok ciddi sıkıntıları var. Yazdığımız mesajlara ya cevap vermediler ya baştan savma cevaplar verdiler. Ne rehber bilgisi ne bilet bilgisi...",2,https://www.sikayetvar.com/search?search=samsung&page=2
,diğer,Asus i9 2070 ekran kartlı laptop aldık. Ürün 5 yılını bir ay doldurdu diye servise almadılar. Sanayi Bakanlığı beş yılı doldurunca yedek parça getirme izni vermiyor deyip topu da devlete atıyorlar. Arkadaşlar laptoplara fazla para vermeye gerek yok beş yıl sonra çöp çünkü. Asus (in search of incredi...,2,https://www.sikayetvar.com/search?search=samsung&page=2
,diğer,"Google aramalarında bir ürünün fiyatı 1.550 TL olarak görünmesine rağmen, ilgili linke tıklayıp Trendyol sitesine yönlendirildiğimde fiyatın 1.650 TL olduğunu fark ettim. Bu durum, tüketiciyi yanıltmaya yönelik bir uygulama olup, dürüst ve şeffaf alışveriş prensiplerine aykırıdır. Yanlış yönlendirm...",2,https://www.sikayetvar.com/search?search=samsung&page=2
,diğer,21.02.2025 tarihinde Ginitalent firmasında Search Quality Improvement Specialist olarak göreve başladım. Yaklaşık 1 ay boyunca verilen görevleri ve eğitimleri titizlikle yaptım. Fakat yine yaklaşık 15 gündür hesabımda herhangi bir görev tanımlanmıyor. Konuyla ilgili destek hesabına mail attığımda is...,2,https://www.sikayetvar.com/search?search=samsung&page=2
,diğer,"Bende Avis diye search edip internet sitesine girdim ve istediğim aracı seçerek ""rezervasyon yap"" kısmına tıkladım. WhatsApp'tan iletişime geçtik ve sürücü belgemin ön arka yüzü ve yedek sürücünün aynı şekilde ön görseli istendi ve ilettim. Sonrasında rezervasyonumun onaylandığını söylediler ve e-f...",2,https://www.sikayetvar.com/search?search=samsung&page=2
,diğer,İsimtescil.net'den aldığımız Web kılavuz paketine Google'ın gerekli kodunu müşteri temsilcisi desteği ile 1.5 ay boyunca sürekli olarak eklememe ve Search Console'dan gerekli indekslemeleri yapmama rağmen sitem Google'da isimtescil.net başlığıyla görünüyor. Müşteri temsilcisi desteği ile ne yaparsak...,2,https://www.sikayetvar.com/search?search=samsung&page=2
,diğer,SuperStep online da Converse markalı bir ürün için Google search listeleme ekranında gösterilen tutar 2269 TL iken siteye giriş yaptığında 4299 TL olarak değişmektedir. Ben ürünü gördüğüm fiyata almak istiyorum. Fiyat uyuşmazlığı için THH'ye başvuracağım,2,https://www.sikayetvar.com/search?search=samsung&page=2
,diğer,"Kayseri-Melikgazi-Şirintepe Mahallesi'nde ikamet ediyorum. PTT Kargo tarafından gelecek olan KP0544***2707 numaralı kargomla alakalı şikayetim var. Eşim sabahtan beridir evde pür dikkat kargoyu bekliyor, adamlar bırakın gelip bulamamayı, sokağa bile girmeden gidip kargoyu Şirintepe PTT şubesine bıra...",2,https://www.sikayetvar.com/search?search=samsung&page=2
,diğer,Bütün serüven 11 Ocak tarihinde eşim adına tamamlayıcı sağlık sigortası yapmak istememle başladı. Google üzerinden web search aracılığıyla dijipol mar...,2,https://www.sikayetvar.com/search?search=samsung&page=2
,diğer,Ben böyle bir üyelik yapmadım bu uygulamayı sadece yükledim sildim anında bu ne parası üyede olmadım Google Play Store üzerinden yaptığınız Codespace - chatbot Aİ Premium 1 Week FT7Days (Chatbot Aİ - Search Assistant) üyelik işlemi için 259.99 TL ücretlendirildiniz. Bütün ödemelerinizi payments.goog...,2,https://www.sikayetvar.com/search?search=samsung&page=2
,Vodafone,"Vodafone 31mart 2024 tıkla kazan çekilişinden ı phone 15 kazandığımı Google search' ten tesadüfen öğrendim. Kimse haber vermedi SMS e mail veya aranmadım. Telefon hakkımı kullanamadım. Bence çok büyük haksızlık. Telefonumun bana verilmesini talep ediyorum. Hiç haber verilmedi, kazanana haber verilir...",2,https://www.sikayetvar.com/search?search=samsung&page=2
,diğer,"Sahibinden.com üzerinden 21.01.2025 (21 Ocak) tarihinde araç ilanı oluşturdum. Üzerinden 5 gün geçti, 5 gündür aktif bir şekilde görüntüleyebildiğim ilanım şu anda hiçbir şekilde görüntülenememekte. Aracımı anasayfada Honda Civic kategorisinde görebiliyorum ancak ilan başlığına tıkladığımda ya da il...",2,https://www.sikayetvar.com/search?search=samsung&page=2
,diğer,"Küçükyalı Maltepe İstanbul'daki Migros'a günlük sadece 3 adet Fanatik gazetesi geliyor. Sabah erkenden onu da kapıcılar alıyor ve bitiyor. Koskoca Küçükyalı gibi kalabalık bir semtteki Migros mağazasına 3 adet gazete yollamak cimrilik. Son 1 yıldır her çalışana, her müdüre defalarca söylememize rağm...",2,https://www.sikayetvar.com/search?search=samsung&page=2
,diğer,TurkNet yaklaşık 3 aydır Netflix Instagram ve Google search gibi sitelere girmiyor böyle internet şekli olabilir mi. Bu nasıl bir şey acil durumun düzeltilmesini bekliyorum. Müşteri hizmetlerine bağlanmak zaten. Böyle hizmet başka yerde görülmez. Turn,2,https://www.sikayetvar.com/search?search=samsung&page=2
,diğer,"Google Exxen ve Google Search London, rızam dışında hesabımdan para kesintisi yapıyor. Defalarca yaşadım. Birkaç kez üstünde durmadım ancak devamlı tekrarlanıyor. Defalarca 19,99 TL şeklinde çekim yapılmış. CİMER'e başvuruda bulundum, sonucunu beklemekteyim.",2,https://www.sikayetvar.com/search?search=samsung&page=2
,Vodafone,"Vodafone, ödenen faturalara bile faiz uygulama kararı almış. Yaklaşık 12-13 yıldır Vodafone fiber internet kullanıcısıyım. 2 adet sorunum mevcut. 1) Wi-Fi bağlantısında mobil cihazımdan Google servislerini kullanamıyorum (Maps, Search, Gmail ve Youtube.com gibi.). Dolayısıyla sürekli mobil hattımı...",2,https://www.sikayetvar.com/search?search=samsung&page=2
,diğer,İstanbul'da Arnavutköy'de yaşıyorum. Her gün hava durumuna bakarak hareket ediyorum. https://www.google.com/search?q=hava+durumu+istanbul&client=ms-android-xiaomi-trev1&sca_esv=b35e440d7760fc68&sxsrf=ADLYWIJ8SriGfLBJAc8BQc68N0KI6aBJXw%3A1734034824276&ei=iEVbZ4TBELiSxc8P-YT88AU&oq=hava+durumu+&gs_lp=...,2,https://www.sikayetvar.com/search?search=samsung&page=2
,diğer,"Merhaba, Samsung Galaxy TAB S9 FE Plus tableti satın almadan önce üç kez (iki kere online satış uzmanına, bir kez de mağazada yüz yüze) satış uzmanına üründe yapay zeka özelliklerinin tamamının olup olmadığını detaylı olarak tek tek belirterek sordum (not asistanı, ses kaydını yazıya dökme, çeviri v...",2,https://www.sikayetvar.com/search?search=samsung&page=2
,diğer,https://www.soknetinternet.com.tr/?source=GOOGLE_ADS&utm_source=Google+Ads&utm_medium=Search+Jenerik+New+Site&utm_term=evde%20internet&gad_source=1&gclid=Cj0KCQiAlsy5BhDeARIsABRc6Zuig814UJZBzCOZTK9HobdNOEzE3BLmX0anK05PZouH8Y68JiBaBWUaAlJdEALw_wcB linkten de göreceğiniz üzere halen 269 TL'ye satış y...,2,https://www.sikayetvar.com/search?search=samsung&page=2
,diğer,Google search esnasında Vestel Teknik service olarak arattığımda karşıma çıkan ilk seçenek 444 6131 numaralı çağrı merkezi üzerinden burası ile iletişime geçtim. Telefon ile görüşme sağlamış olduğum arkadaşa altını çizerek Vestel yetkili servis olup olmadığını sorguladım. Kendileri Vestel'in yetkili...,2,https://www.sikayetvar.com/search?search=samsung&page=2
,Türk Telekom,:) İnternet çekmiyor. Hat düşmüyor canım Türk Telekom'un hiç hizmet veremiyor. Neden böyle? Yıl 2024 fiyat konusunda çekince 0 ama hizmet de öyle bu doğrusallık yanlış. 30mb lik uygulama şu dönemde saniyesinde inmesi gerekirken dakika. Sadece Google ile search atmam salise sürmesi gerekirken sani...,2,https://www.sikayetvar.com/search?search=samsung&page=2
,diğer,"Ben han yapı market adlı işletmenin Wix üzerindeki sitesinin geliştiricisiyim ve bu sanal pos hizmeti veren Paytr'den hem firma sahibi olan kişi, hem de site geliştiricisi olarak ben şikayetçiyim. Siteyi geliştirdik, tasarımını yaptık, ürünleri siteye entegre ettik, domain'i satın aldık ve siteye ba...",3,https://www.sikayetvar.com/search?search=samsung&page=3
,diğer,"Kaynak: Rio Çağrı merkezi https://search. App/TxbdUtXX2gTiZT3SA adresine Home office iş başvurusunda bulundum. İsim, soy isim, doğum tarihi, t. C. Kimlik numarası verdim. Kişisel bilgilerimle her ne yaparlarsa yapsınlar, bu durumdan hiçbir bilgim ve onayım yoktur. Üzerime açılacak şirket, telefon ha...",3,https://www.sikayetvar.com/search?search=samsung&page=3
,diğer,E ticaret kur web sitesi yazılım sorunları yetersiz destek ilgisiz alakasız teknik destek ekibi defalarca sorunlarımı yazmama rağmen yardımcı olmamala...,3,https://www.sikayetvar.com/search?search=samsung&page=3
,diğer,Finans Kuruluşları Adıyla Dolandırıcılık Gönüller Burs Ve Balkan Derneği Hakkında Şikayet,3,https://www.sikayetvar.com/search?search=samsung&page=3
,diğer,Bugün saat 11:50 sularında bursu başvurusunda bulundum. ( gönüller bursadınahttps://search. App/zckpdffcua5n2gtf6 ) ve (balkan derneği https://search. App/featqcxck3ubyr5r6) internet bağlantısına yönlendirildim internet sitesi üzerinde burs başvurusunda bulundum fakat yönlendirildiğim sayfalarda t c...,3,https://www.sikayetvar.com/search?search=samsung&page=3
,diğer,JBL Airpods Arızası İçin Yetkili Servise Ulaşamıyorum,3,https://www.sikayetvar.com/search?search=samsung&page=3
,diğer,Trendyol dan aldığım JBL Airpods um aldıktan 2 ay sonra tek kulaklığı ses vermedi. Ne ıslandı ne de herhangi bir darbe aldı. Çok severek özenerek kullandığım halde. Trendyol a başvurup servise iletmek için destek istediğimde ise kime ulaşacağımı bilmiyorum. Google da search yapınca yetkili servis iç...,3,https://www.sikayetvar.com/search?search=samsung&page=3
,diğer,Instagram'da İşletmemin Konumu Çıkmıyor,3,https://www.sikayetvar.com/search?search=samsung&page=3
,diğer,"İşletmemiz için Instagram hesabı oluşturduk, Facebook sayfası da fakat Instagram'a konumu gelmedi bir türlü, Google'da konum var, Facebook ve Instagram hesapları birbirine bağlı. Instagram'da işletmenin adını ya da konumunu search yaptığımızda çıkmıyor.",3,https://www.sikayetvar.com/search?search=samsung&page=3
,diğer,1,3,https://www.sikayetvar.com/search?search=samsung&page=3
,diğer,Hepsiburada Da Artık Hepsi Orada Değil,3,https://www.sikayetvar.com/search?search=samsung&page=3
,diğer,"Yıllardır kullandığım hesabıma giremiyorum. Müşteri hizmetlerine web sitesindeki hataları anlatmama rağmen bana Google değil, Mozilla'dan gir, yok telefona uygulama indir gibi öneriler ile cevap veriyorlar. Yıllardır kullandığım web sitesi hepsiburada.com sıralama, arama ve search yapamıyor. Numaram...",3,https://www.sikayetvar.com/search?search=samsung&page=3
,diğer,Evdecagricenter.com Yanıltmacası!,3,https://www.sikayetvar.com/search?search=samsung&page=3
,diğer,"Kaynak: Rio Çağrı merkezi https://search. App/TxbdUtXX2gTiZT3SA adresine Home office iş başvurusunda bulundum. İsim, soy isim, doğum tarihi, t. C. Kimlik numarası verdim. Kişisel bilgilerimle her ne yaparlarsa yapsınlar, bu durumdan hiçbir bilgim ve onayım yoktur. Üzerime açılacak şirket, telefon ha...",3,https://www.sikayetvar.com/search?search=samsung&page=3
,diğer,Ağva Marina Hotel Banyo Temizlik Ve Hijyeni Yoktu,3,https://www.sikayetvar.com/search?search=samsung&page=3
,diğer,"Müşteri memnuniyetine güvendiğim Trivago otel referansları arasında 8,5 memnuniyet oranı ile referans olunan ağva Marina otel'e rezervasyon yapmadan önce müşteri şikayetlerini inceledim. Odalarda bulunan demirbaşlar ve küflü duvarlardan yana şikayetler mevcuttu. Müşteri hizmetlerini aradığımda kesin...",3,https://www.sikayetvar.com/search?search=samsung&page=3
,diğer,"Ben han yapı market adlı işletmenin Wix üzerindeki sitesinin geliştiricisiyim ve bu sanal pos hizmeti veren Paytr'den hem firma sahibi olan kişi, hem de site geliştiricisi olarak ben şikayetçiyim. Siteyi geliştirdik, tasarımını yaptık, ürünleri siteye entegre ettik, domain'i satın aldık ve siteye ba...",3,https://www.sikayetvar.com/search?search=samsung&page=3
,diğer,"Günlük telefonumda Google ve ona bağlı Chrome arama motorlarını kullanıyorum. Telefonumda arama motorundan bir şey aratmak isterken Google search kısmı açılıp kendini kapattı ve Chrome kısmı ise ""Hay Aksi"" mesajı veriyordu. Yeni sekme açmaya her çalıştığımda Google gibi kendisini kapatıyordu. Bu seb...",3,https://www.sikayetvar.com/search?search=samsung&page=3
,diğer,"Samsung Galaxy A35 model telefonum One uı 6.1 ile geldi ancak beklediğim Circle to Search özelliği bulunmadığı için hayal kırıklığı yaşadım. Bu özellik, günlük kullanımda arama işlevselliğini artırarak kullanıcı deneyimini iyileştiriyor ve bu nedenle benim için önemliydi. Telefonun güncel bir işleti...",3,https://www.sikayetvar.com/search?search=samsung&page=3
,diğer,Crosairsoft diye bir siteden b2b paneli ile ilgili WhatsApp'tan ulaşarak sorular sordum. Sitesinde fiyat 790 TL ve sorular sorduktan sonra varda o fiyatı güncelleyeceğiz şeklinde laubali laubali cevaplar aldık. Linki de paylaşıyorum. Https:/ /crosairsoft.com.tr/opencart-b2b-bayi-sistemi-modulu.html...,3,https://www.sikayetvar.com/search?search=samsung&page=3
,diğer,1,3,https://www.sikayetvar.com/search?search=samsung&page=3
,diğer,Facebook Marketplace'te Güvenlik Önlemleri Yetersiz,3,https://www.sikayetvar.com/search?search=samsung&page=3
,diğer,"Facebook Marketplace uygulaması sahte hesaplarla dolu. Neden önlem almıyorsunuz? Şikayet ediyoruz, kimse dikkate almıyor. Linkleri bırakıyorum, lütfen hesapları kapatın. Daha fazla kişi mağdur olmasın. https://www.facebook.com/marketplace/item/1528057357746691/?ref=search&referral_code=null&referral...",3,https://www.sikayetvar.com/search?search=samsung&page=3
,diğer,Dry Center Kuru Temizleme (Bağdat Cad.) Pişmanlıktır...,3,https://www.sikayetvar.com/search?search=samsung&page=3
,diğer,27.10.2023 tarihinde almış olduğum Network marka ceket ( https://www.network.com.tr/search?searchKey=8683798311408) pantolon takımını ve Etek ceket takımını 13.11.2023 tarihinde kuru temizlemeye verdim. 15.11.2023 tarihinde ise kuru temizlemeden gelen ceketin fotoğraflarda görüldüğü üzere yaka kısmı...,3,https://www.sikayetvar.com/search?search=samsung&page=3
,diğer,Xiaomi Alacaksan Xiaomi Mağazasından Mağazasından Alma,3,https://www.sikayetvar.com/search?search=samsung&page=3
,diğer,"Bodrum midtown AVM de bulunan Xiaomi mağazasından 23 Nisan 2024 tarihinde Air fryer 6,5 litre white fritöz ve 1 yıllık kasko hizmeti aldık. Bunun bedeli olarak cihaza 4583 TL ve 1 yıllık kasko 650 TL KDV dahil toplam 5650 TL ücret ödedim. Daha sonrasında internet üzerinden cihazı incelerken daha 400...",3,https://www.sikayetvar.com/search?search=samsung&page=3
,diğer,Akbank In Kampanya Yönetimini Becerememesi,3,https://www.sikayetvar.com/search?search=samsung&page=3
,diğer,Akbank müşterisi olarak aynı ay içerisinde ayın başında eğitim harcamalarına yönelik 6 aylık taksitlendirme kampanyası sunuldu. Buna katılım sağlayıp eğitim kurumuna kredi kartım üzerinden ödeme yapmama rağmen hiçbir şekilde işlem provizyondan çıktıktan sonra taksitlendirme sağlanmadı. Şikayet kaydı...,3,https://www.sikayetvar.com/search?search=samsung&page=3
,diğer,"McAfee, her seferinde Chrome tarayıcı açılıp kapandığında varsayılan arama motorunu Yahoo Secure Search olarak değiştiriyor. Her defasında tekrar Google olarak ayarlamak çok can sıkıcı oldu. Şikayetçiyim. Hiçbir yerden kapatamıyorum. McAfee antivirüsünden pişmanım! Yahoo arama motorunu istemiyorum!...",3,https://www.sikayetvar.com/search?search=samsung&page=3
,diğer,1,3,https://www.sikayetvar.com/search?search=samsung&page=3
,diğer,"https://www.freepik.com/ görsel satın almak için aylık abone olduk. Abonelikte sınırsız indirme yazarken 50 resim indirdikten sonra kasmaya başladı. Bırak görsel indirmeyi search bile yapamıyorum. Nerede sınırsız indirme? Yalan, dolan. Ödemeyi anında çektiler ama...",3,https://www.sikayetvar.com/search?search=samsung&page=3
,diğer,Ticimax Ten Yaşadığım Hayal Kırıklığı Ve Maddi Kayıp,3,https://www.sikayetvar.com/search?search=samsung&page=3
,diğer,"E-ticaret altyapısı satın alırken Ticimax firmasından aldığım hizmetten memnun kalmadım. Satış esnasında gösterdikleri ilgi ve alaka, satış sonrasında...",3,https://www.sikayetvar.com/search?search=samsung&page=3
,diğer,3,3,https://www.sikayetvar.com/search?search=samsung&page=3
,Turkcell,Lens: image search & translate isimli uygulamadan Apple kimliği kullanarak arama yapıyordum ve farkında olmadan oto üyelik yaptığım bilgisi geldi ve Turkcell faturama eklendi üyeliğimi iptal ettim fakat 01.03.2025 tarihine kadar ücret ödemesi alınmış üyeliğimi iptal ettim ücret iadesi talep ediyorum,3,https://www.sikayetvar.com/search?search=samsung&page=3
,diğer,Huawei Telefonuma WhatsApp İndiremiyorum.,3,https://www.sikayetvar.com/search?search=samsung&page=3
,diğer,Huawei telefon kullanıyorum ama hiçbir WhatsApp uygulaması açılmıyor. Resmi WhatsApp'ı indirin diyor oda yüklenmiyor. Ne yapacağımı bilemedim WhatsApp'sız telefon mu olur ne App Gallery ne petal search hiçbirinden WhatsApp indiremiyorum diğer WhatsApp uygulamalarını da açmıyor,3,https://www.sikayetvar.com/search?search=samsung&page=3
,diğer,1,3,https://www.sikayetvar.com/search?search=samsung&page=3
,diğer,Altus Arçelik Servis Ürüne Bakmıyorum Diyor,3,https://www.sikayetvar.com/search?search=samsung&page=3
,diğer,"Altus ai 617 dikey şarjlı süpürgemin çalıştırma düğmesi tutukluluk yapıyor. Ara ara bastığımda çalışmıyor. Cihazı sallıyorsun, döndürüyorsun çalışıyor, tabi bu 3/5/7 çalıştırma sonra yine tetiklemesi tutukluluk yapıyor ve aynı şeyleri tekrar yaşatıyor. Bunun üzerine müşteri hizmetlerinin beni yönlen...",3,https://www.sikayetvar.com/search?search=samsung&page=3
,diğer,,3,https://www.sikayetvar.com/search?search=samsung&page=3
,diğer,2,3,https://www.sikayetvar.com/search?search=samsung&page=3
,diğer,4,3,https://www.sikayetvar.com/search?search=samsung&page=3
,diğer,5,3,https://www.sikayetvar.com/search?search=samsung&page=3
,diğer,6,3,https://www.sikayetvar.com/search?search=samsung&page=3
,diğer,7,3,https://www.sikayetvar.com/search?search=samsung&page=3
,diğer,,3,https://www.sikayetvar.com/search?search=samsung&page=3
,diğer,E ticaret kur web sitesi yazılım sorunları yetersiz destek ilgisiz alakasız teknik destek ekibi defalarca sorunlarımı yazmama rağmen yardımcı olmamala...,3,https://www.sikayetvar.com/search?search=samsung&page=3
,diğer,Bugün saat 11:50 sularında bursu başvurusunda bulundum. ( gönüller bursadınahttps://search. App/zckpdffcua5n2gtf6 ) ve (balkan derneği https://search. App/featqcxck3ubyr5r6) internet bağlantısına yönlendirildim internet sitesi üzerinde burs başvurusunda bulundum fakat yönlendirildiğim sayfalarda t c...,3,https://www.sikayetvar.com/search?search=samsung&page=3
,diğer,Trendyol dan aldığım JBL Airpods um aldıktan 2 ay sonra tek kulaklığı ses vermedi. Ne ıslandı ne de herhangi bir darbe aldı. Çok severek özenerek kullandığım halde. Trendyol a başvurup servise iletmek için destek istediğimde ise kime ulaşacağımı bilmiyorum. Google da search yapınca yetkili servis iç...,3,https://www.sikayetvar.com/search?search=samsung&page=3
,diğer,"İşletmemiz için Instagram hesabı oluşturduk, Facebook sayfası da fakat Instagram'a konumu gelmedi bir türlü, Google'da konum var, Facebook ve Instagram hesapları birbirine bağlı. Instagram'da işletmenin adını ya da konumunu search yaptığımızda çıkmıyor.",3,https://www.sikayetvar.com/search?search=samsung&page=3
,diğer,"Yıllardır kullandığım hesabıma giremiyorum. Müşteri hizmetlerine web sitesindeki hataları anlatmama rağmen bana Google değil, Mozilla'dan gir, yok telefona uygulama indir gibi öneriler ile cevap veriyorlar. Yıllardır kullandığım web sitesi hepsiburada.com sıralama, arama ve search yapamıyor. Numaram...",3,https://www.sikayetvar.com/search?search=samsung&page=3
,diğer,"Kaynak: Rio Çağrı merkezi https://search. App/TxbdUtXX2gTiZT3SA adresine Home office iş başvurusunda bulundum. İsim, soy isim, doğum tarihi, t. C. Kimlik numarası verdim. Kişisel bilgilerimle her ne yaparlarsa yapsınlar, bu durumdan hiçbir bilgim ve onayım yoktur. Üzerime açılacak şirket, telefon ha...",3,https://www.sikayetvar.com/search?search=samsung&page=3
,diğer,"Müşteri memnuniyetine güvendiğim Trivago otel referansları arasında 8,5 memnuniyet oranı ile referans olunan ağva Marina otel'e rezervasyon yapmadan önce müşteri şikayetlerini inceledim. Odalarda bulunan demirbaşlar ve küflü duvarlardan yana şikayetler mevcuttu. Müşteri hizmetlerini aradığımda kesin...",3,https://www.sikayetvar.com/search?search=samsung&page=3
,diğer,"Ben han yapı market adlı işletmenin Wix üzerindeki sitesinin geliştiricisiyim ve bu sanal pos hizmeti veren Paytr'den hem firma sahibi olan kişi, hem de site geliştiricisi olarak ben şikayetçiyim. Siteyi geliştirdik, tasarımını yaptık, ürünleri siteye entegre ettik, domain'i satın aldık ve siteye ba...",3,https://www.sikayetvar.com/search?search=samsung&page=3
,diğer,"Günlük telefonumda Google ve ona bağlı Chrome arama motorlarını kullanıyorum. Telefonumda arama motorundan bir şey aratmak isterken Google search kısmı açılıp kendini kapattı ve Chrome kısmı ise ""Hay Aksi"" mesajı veriyordu. Yeni sekme açmaya her çalıştığımda Google gibi kendisini kapatıyordu. Bu seb...",3,https://www.sikayetvar.com/search?search=samsung&page=3
,diğer,"Samsung Galaxy A35 model telefonum One uı 6.1 ile geldi ancak beklediğim Circle to Search özelliği bulunmadığı için hayal kırıklığı yaşadım. Bu özellik, günlük kullanımda arama işlevselliğini artırarak kullanıcı deneyimini iyileştiriyor ve bu nedenle benim için önemliydi. Telefonun güncel bir işleti...",3,https://www.sikayetvar.com/search?search=samsung&page=3
,diğer,Crosairsoft diye bir siteden b2b paneli ile ilgili WhatsApp'tan ulaşarak sorular sordum. Sitesinde fiyat 790 TL ve sorular sorduktan sonra varda o fiyatı güncelleyeceğiz şeklinde laubali laubali cevaplar aldık. Linki de paylaşıyorum. Https:/ /crosairsoft.com.tr/opencart-b2b-bayi-sistemi-modulu.html...,3,https://www.sikayetvar.com/search?search=samsung&page=3
,diğer,"Facebook Marketplace uygulaması sahte hesaplarla dolu. Neden önlem almıyorsunuz? Şikayet ediyoruz, kimse dikkate almıyor. Linkleri bırakıyorum, lütfen hesapları kapatın. Daha fazla kişi mağdur olmasın. https://www.facebook.com/marketplace/item/1528057357746691/?ref=search&referral_code=null&referral...",3,https://www.sikayetvar.com/search?search=samsung&page=3
,diğer,27.10.2023 tarihinde almış olduğum Network marka ceket ( https://www.network.com.tr/search?searchKey=8683798311408) pantolon takımını ve Etek ceket takımını 13.11.2023 tarihinde kuru temizlemeye verdim. 15.11.2023 tarihinde ise kuru temizlemeden gelen ceketin fotoğraflarda görüldüğü üzere yaka kısmı...,3,https://www.sikayetvar.com/search?search=samsung&page=3
,diğer,"Bodrum midtown AVM de bulunan Xiaomi mağazasından 23 Nisan 2024 tarihinde Air fryer 6,5 litre white fritöz ve 1 yıllık kasko hizmeti aldık. Bunun bedeli olarak cihaza 4583 TL ve 1 yıllık kasko 650 TL KDV dahil toplam 5650 TL ücret ödedim. Daha sonrasında internet üzerinden cihazı incelerken daha 400...",3,https://www.sikayetvar.com/search?search=samsung&page=3
,diğer,Akbank müşterisi olarak aynı ay içerisinde ayın başında eğitim harcamalarına yönelik 6 aylık taksitlendirme kampanyası sunuldu. Buna katılım sağlayıp eğitim kurumuna kredi kartım üzerinden ödeme yapmama rağmen hiçbir şekilde işlem provizyondan çıktıktan sonra taksitlendirme sağlanmadı. Şikayet kaydı...,3,https://www.sikayetvar.com/search?search=samsung&page=3
,diğer,"McAfee, her seferinde Chrome tarayıcı açılıp kapandığında varsayılan arama motorunu Yahoo Secure Search olarak değiştiriyor. Her defasında tekrar Google olarak ayarlamak çok can sıkıcı oldu. Şikayetçiyim. Hiçbir yerden kapatamıyorum. McAfee antivirüsünden pişmanım! Yahoo arama motorunu istemiyorum!...",3,https://www.sikayetvar.com/search?search=samsung&page=3
,diğer,"https://www.freepik.com/ görsel satın almak için aylık abone olduk. Abonelikte sınırsız indirme yazarken 50 resim indirdikten sonra kasmaya başladı. Bırak görsel indirmeyi search bile yapamıyorum. Nerede sınırsız indirme? Yalan, dolan. Ödemeyi anında çektiler ama...",3,https://www.sikayetvar.com/search?search=samsung&page=3
,diğer,"E-ticaret altyapısı satın alırken Ticimax firmasından aldığım hizmetten memnun kalmadım. Satış esnasında gösterdikleri ilgi ve alaka, satış sonrasında...",3,https://www.sikayetvar.com/search?search=samsung&page=3
,Turkcell,Lens: image search & translate isimli uygulamadan Apple kimliği kullanarak arama yapıyordum ve farkında olmadan oto üyelik yaptığım bilgisi geldi ve Turkcell faturama eklendi üyeliğimi iptal ettim fakat 01.03.2025 tarihine kadar ücret ödemesi alınmış üyeliğimi iptal ettim ücret iadesi talep ediyorum,3,https://www.sikayetvar.com/search?search=samsung&page=3
,diğer,Huawei telefon kullanıyorum ama hiçbir WhatsApp uygulaması açılmıyor. Resmi WhatsApp'ı indirin diyor oda yüklenmiyor. Ne yapacağımı bilemedim WhatsApp'sız telefon mu olur ne App Gallery ne petal search hiçbirinden WhatsApp indiremiyorum diğer WhatsApp uygulamalarını da açmıyor,3,https://www.sikayetvar.com/search?search=samsung&page=3
,diğer,"Altus ai 617 dikey şarjlı süpürgemin çalıştırma düğmesi tutukluluk yapıyor. Ara ara bastığımda çalışmıyor. Cihazı sallıyorsun, döndürüyorsun çalışıyor, tabi bu 3/5/7 çalıştırma sonra yine tetiklemesi tutukluluk yapıyor ve aynı şeyleri tekrar yaşatıyor. Bunun üzerine müşteri hizmetlerinin beni yönlen...",3,https://www.sikayetvar.com/search?search=samsung&page=3
,diğer,Arya Gross Cep Telefonunu Tedarik Sorunu Var Diye Göndermiyor,4,https://www.sikayetvar.com/search?search=samsung&page=4
,diğer,"27.11.2023 tarihinde arya Gross isimli mağazadan ""Samsung Galaxy A54 128GB"" telefon sipariş ettim ( https://www.aryagross.com/samsung-galaxy-a54-128-gb-8-gb-ram?search=galaxy&page=2 ). Siteden Kredi kartıyla ödeme yapılamadığı için bana IBAN numarası verdiler ben de verilen hesaba 13099.99TL EFT yap...",4,https://www.sikayetvar.com/search?search=samsung&page=4
,diğer,Benim MSI B550-A Pro anakartım var ve 'www.kingston.com/tr/memory/search/model/101297/msi-b550-a-pro-motherboard' sitesinden uyumlu olduğu gösterildiği için parça numarası 'KF432C16RB12AK2/32' olan kit RAM'ini satın aldım. Ancak bu ürün Dual Channel işlemi desteklemiyor ve ürünün orijinal bandını aç...,4,https://www.sikayetvar.com/search?search=samsung&page=4
,diğer,HP Victus Gaming 16-S0051NT Modelde Driver Sorunu,4,https://www.sikayetvar.com/search?search=samsung&page=4
,diğer,Wamba Uygulamasında Sahte Profil Oluşturulurken Bilgilerimi Kullanmış.,4,https://www.sikayetvar.com/search?search=samsung&page=4
,diğer,"Wamba isimli uygulama bilgim dışında benim kişisel bilgilerimi kullanarak bir profil oluşturmuştur. Bahse konu uygulama/site üzerinden hiçbir kayıt yapmamış olmama rağmen, üstelik bir zamanlar sosyal medya üzerinden paylaşmış olduğum bir paragrafı da kendi üzerinden yayınlamış. İsmimin Google searc...",4,https://www.sikayetvar.com/search?search=samsung&page=4
,diğer,Blu TV Platformunun Büyük Ayıbı,4,https://www.sikayetvar.com/search?search=samsung&page=4
,diğer,"1 aydır, Blu TV üyeliğimiz var. Fakat bir türlü dizi veya film seyredemiyoruz. Sebebi Türkçe dublaj olmaması. Alt yazıları okuyamıyoruz ya da okurken sahneleri ve mimikleri kaçırıyoruz. Türk filmlerini bile seçmek için bir seçenek bile yok. Tek tek filmlerin içine gireceksin Türkçe olup olmadığını a...",4,https://www.sikayetvar.com/search?search=samsung&page=4
,diğer,2,4,https://www.sikayetvar.com/search?search=samsung&page=4
,diğer,https://www.a101.com.tr/?utm_campaign=yillik-kullanım_branding&utm_medium=cpc&utm_source=google&utm_content=search&utm_term=yillik&gad_source=1&gclid=cjwkcaia1-6sbhaoeiwarqlgpm4vcz5rpx4tdjxsgvf0jjsulo2mymazgbgvuf3xzpn5thuqhtt9zhoczd0qavd_bwe 1484955879516760 numaralı siparişim belirtilen özellikte o...,4,https://www.sikayetvar.com/search?search=samsung&page=4
,Vodafone,Vodafone 96 TL Lik Döndür Çevir Oyunu!,4,https://www.sikayetvar.com/search?search=samsung&page=4
,Vodafone,Vodafone kısayol ikonlarından hediye çarkını kaldırdığı için döndür çevir diye bir şeyi tıkladığımdan 96 TL kesildi benden. Hediye çarkı ikonu görünme...,4,https://www.sikayetvar.com/search?search=samsung&page=4
,diğer,Aldığım Kingston RAM Kiti Uyumlu Gösteriliyor Fakat Uyumsuz Çıktı.,4,https://www.sikayetvar.com/search?search=samsung&page=4
,diğer,Benim MSI B550-A Pro anakartım var ve 'www.kingston.com/tr/memory/search/model/101297/msi-b550-a-pro-motherboard' sitesinden uyumlu olduğu gösterildiği için parça numarası 'KF432C16RB12AK2/32' olan kit RAM'ini satın aldım. Ancak bu ürün Dual Channel işlemi desteklemiyor ve ürünün orijinal bandını aç...,4,https://www.sikayetvar.com/search?search=samsung&page=4
,diğer,Bimcell İnternet Problemi Yaşıyorum,4,https://www.sikayetvar.com/search?search=samsung&page=4
,diğer,13.12.2023 tarihinde mevcut hattımı Bimcell'e taşıdım ama internet paketi yüklememe rağmen interneti kullanamıyorum. Google search yapabiliyorum ama sitelere giremiyorum. Sistemden şikayet oluşturmama rağmen problem hala çözülmedi. Müşteri şikayetlerini aradım ama kimseye ulaşmak mümkün değil.,4,https://www.sikayetvar.com/search?search=samsung&page=4
,diğer,Arya Gross Cep Telefonunu Tedarik Sorunu Var Diye Göndermiyor,4,https://www.sikayetvar.com/search?search=samsung&page=4
,diğer,"27.11.2023 tarihinde arya Gross isimli mağazadan ""Samsung Galaxy A54 128GB"" telefon sipariş ettim ( https://www.aryagross.com/samsung-galaxy-a54-128-gb-8-gb-ram?search=galaxy&page=2 ). Siteden Kredi kartıyla ödeme yapılamadığı için bana IBAN numarası verdiler ben de verilen hesaba 13099.99TL EFT yap...",4,https://www.sikayetvar.com/search?search=samsung&page=4
,diğer,Aras Kargo Yarımburgaz Şubesi Kargoyu Şubeden Aldırıyor,4,https://www.sikayetvar.com/search?search=samsung&page=4
,diğer,"Aras Kargo'nun Yarımburgaz şubesinden dağıtıma çıktı bildirimi aldıktan çok kısa bir süre sonra, 'şubeden almayı tercih ettiğiniz için teslim edilemedi' şeklinde bir uyarı ile karşılaştım. Oysaki evde olduğumu gönderdikleri SMS ile beyan etmiştim. Google yorumlarına baktı herkese aynı şeyi yapıyorla...",4,https://www.sikayetvar.com/search?search=samsung&page=4
,diğer,1,4,https://www.sikayetvar.com/search?search=samsung&page=4
,diğer,2yıl önce aldığım Huawei p40 Lite telefondan daha önce yaşamadığım bir sıkıntı yaşıyorum. More apps giremiyorum. Ne yapmam gerek? Daha önce öyle bir s...,4,https://www.sikayetvar.com/search?search=samsung&page=4
,diğer,"Merhaba, D Smart Net üzerinden 2 adet aboneliğim mevcut. Sözleşmesindeki taahhüt süresi bugün sona erecek olan 63376926 numaralı aboneliğimi 23.11.2022 tarihinde abonelik yaparken her ay 40 TL modem bedeli alınacağı söylendi. Ancak sözleşme bitim süresi geldiğinde her ay ödenen 40 TL'nin aslında mod...",4,https://www.sikayetvar.com/search?search=samsung&page=4
,Vodafone,Vodafone İnternet Sınırsız Paketler,4,https://www.sikayetvar.com/search?search=samsung&page=4
,Vodafone,"Vodafone Red tarifem 30GB Ultra sınırsız paketini aldım. 30 GB internete ek internetinizden yemeyen sınırsız Youtube.com ®. Com ®. Com, Instagram ® ®, Facebook ® ®, Spotify ® ®, WhatsApp ® ®, 3000 dakika ve 250 SMS sözde ama Youtube.com, Instagram sosyal medya paketleri sınırsız değil ve ilk 1 sene...",4,https://www.sikayetvar.com/search?search=samsung&page=4
,diğer,Merhaba https://www.google.com/search?q=shell+yakuplu&ie=UTF-8&oe=UTF-8&hl=tr-tr&client=safari# Bağlantıdaki konumunda bulunan İstanbul Beylikdüzü Karma Grup Shell Benzin İstasyonu’nda su-köpük araç yıkama bölümünde bulunan otomatlar çalıştırılmıyor. Satın alımlar için istasyon içerisine mecbur bır...,4,https://www.sikayetvar.com/search?search=samsung&page=4
,Vodafone,Vodafone 7000 Den Gelen İrtibat Numarası Mesajı,4,https://www.sikayetvar.com/search?search=samsung&page=4
,diğer,"Kullanmış olduğunuz numara, 5... Numaralı GSM numarasına, irtibat numarası olarak tanımlanmıştır. İrtibat numarasını doğrulamak için ""uygun"" yazarak 7...",4,https://www.sikayetvar.com/search?search=samsung&page=4
,diğer,2,4,https://www.sikayetvar.com/search?search=samsung&page=4
,diğer,Google'a Ulaşamıyorum Ve Sorunum Çözülmüyor!,4,https://www.sikayetvar.com/search?search=samsung&page=4
,diğer,"Google Chrome'da tüm ayarları doğru yapmış olmama, Yahoo ile ilgili her şeyi kaldırmış olmama rağmen, hala arama yaptığımda ayrı bir sekme ile 'Yahoo Search' açılıyor! Bu nasıl bir tacizdir anlaşılır gibi değil! Google buna nasıl izin veriyor? İşin en rahatsız edici tarafı, Google'a ulaşamamak ve bu...",4,https://www.sikayetvar.com/search?search=samsung&page=4
,diğer,Kiwi Home Kiwi Pets Su Çeşmesi Pompası Bir Ay Olmadan Bozuldu,4,https://www.sikayetvar.com/search?search=samsung&page=4
,diğer,28 Eylül 2023 tarihinde A101 ® marketten search Kiwi pets otomatik pet su çeşmesi aldım. 15 Ekim 2023 tarihinde bir ay bile kullanmadan ürünün pompası bozuldu. Bir anda çalışması durdu.! Müşteri hizmetlerine ulaşmak imkansız. Muhatap olabileceğim kimse yok! Benim mağduriyetim nasıl giderilecek. Şika...,4,https://www.sikayetvar.com/search?search=samsung&page=4
,diğer,Trendyol Online Satış Mağazasında Yaşadığım Sorunlar,4,https://www.sikayetvar.com/search?search=samsung&page=4
,diğer,"Şikayetvar Yaz Marka, model, ürün ara search icon Trendyol Beğen Kazan Dediler profile Osman Kendi şahsi numarama dün WhatsApp ® üzerinden yabancı bir numara mesaj atmış bulunmaktadır. Şahıs Trendyol ® çalışanı olduğunu iddia edip bana günlük 500-2000 TL aralığında onlarla çalışırsam p...",4,https://www.sikayetvar.com/search?search=samsung&page=4
,diğer,Hedef Otomotiv İstanbul Hedef Oto Tam Bir Hayal Kırıklığı,4,https://www.sikayetvar.com/search?search=samsung&page=4
,diğer,"Toplam çözüm sayısı 22. 775566. 775599 canlı izle Şikayetvar Yaz Marka, model, ürün ara search icon Renault Reno Tam Bir Hayal Kırıklığı profile Tülay 1 saat önce 0 Merhaba hayatımda bu kadar sıkıntılı bir süreç yaşamadım. 34buz400 plakalı aracım bir kaza yaptı. Reno servisine güvendiğimiz için arac...",4,https://www.sikayetvar.com/search?search=samsung&page=4
,diğer,2,4,https://www.sikayetvar.com/search?search=samsung&page=4
,diğer,"Şikayetvar Yaz Budak lojistik Marka, model, ürün ara search icon İşin Olsun Başvurusu profile Meryem İşin olsun uygulaması üzerinden başvuruda bulundum. Web sitesi üzerindeki formu doldurdum. Formda t. C. Kimlik no, IBAN numaram, telefon numaram ve adres bilgilerim vardı. WhatsApp ® ü...",4,https://www.sikayetvar.com/search?search=samsung&page=4
,diğer,1,4,https://www.sikayetvar.com/search?search=samsung&page=4
,diğer,2,4,https://www.sikayetvar.com/search?search=samsung&page=4
,diğer,CallCenter Platinum (Callcenterturkiye.com.tr) Call Center Platinum,4,https://www.sikayetvar.com/search?search=samsung&page=4
,diğer,"Şikayetvar Yaz Marka, model, ürün ara search icon call center Platinum (Callcenterturkiye.com.tr) Yanıltmacası! Profile Hürü 6 gün önce call center Platinum isimli sitede görmüş olduğum Home office çağrı merkezi iş başvurusu yapmış bulunmaktayım. Olumlu olarak WhatsApp'tan geri dönüş...",4,https://www.sikayetvar.com/search?search=samsung&page=4
,diğer,Halkbank Kredi Kartı Aidatı,4,https://www.sikayetvar.com/search?search=samsung&page=4
,diğer,"Marka, model, ürün ara search icon Halkbank Paraf Kart Ücreti profile 1 saat önce 13 Sonu 1040 ile biten Halkbank Paraf Kartımdan 160,50TL Kart Ücreti Kesilmiştir. Aidat ücretlerinin aşağıda belirtilen kanun hükümleri gereği ve ekstra hiçbir şarta bağlanmaksızın iptal edilmesini talep ediyorum. ""Tük...",4,https://www.sikayetvar.com/search?search=samsung&page=4
,diğer,,4,https://www.sikayetvar.com/search?search=samsung&page=4
,diğer,2,4,https://www.sikayetvar.com/search?search=samsung&page=4
,diğer,3,4,https://www.sikayetvar.com/search?search=samsung&page=4
,diğer,5,4,https://www.sikayetvar.com/search?search=samsung&page=4
,diğer,6,4,https://www.sikayetvar.com/search?search=samsung&page=4
,diğer,7,4,https://www.sikayetvar.com/search?search=samsung&page=4
,diğer,,4,https://www.sikayetvar.com/search?search=samsung&page=4
,diğer,"Wamba isimli uygulama bilgim dışında benim kişisel bilgilerimi kullanarak bir profil oluşturmuştur. Bahse konu uygulama/site üzerinden hiçbir kayıt yapmamış olmama rağmen, üstelik bir zamanlar sosyal medya üzerinden paylaşmış olduğum bir paragrafı da kendi üzerinden yayınlamış. İsmimin Google searc...",4,https://www.sikayetvar.com/search?search=samsung&page=4
,diğer,"1 aydır, Blu TV üyeliğimiz var. Fakat bir türlü dizi veya film seyredemiyoruz. Sebebi Türkçe dublaj olmaması. Alt yazıları okuyamıyoruz ya da okurken sahneleri ve mimikleri kaçırıyoruz. Türk filmlerini bile seçmek için bir seçenek bile yok. Tek tek filmlerin içine gireceksin Türkçe olup olmadığını a...",4,https://www.sikayetvar.com/search?search=samsung&page=4
,diğer,https://www.a101.com.tr/?utm_campaign=yillik-kullanım_branding&utm_medium=cpc&utm_source=google&utm_content=search&utm_term=yillik&gad_source=1&gclid=cjwkcaia1-6sbhaoeiwarqlgpm4vcz5rpx4tdjxsgvf0jjsulo2mymazgbgvuf3xzpn5thuqhtt9zhoczd0qavd_bwe 1484955879516760 numaralı siparişim belirtilen özellikte o...,4,https://www.sikayetvar.com/search?search=samsung&page=4
,Vodafone,Vodafone kısayol ikonlarından hediye çarkını kaldırdığı için döndür çevir diye bir şeyi tıkladığımdan 96 TL kesildi benden. Hediye çarkı ikonu görünme...,4,https://www.sikayetvar.com/search?search=samsung&page=4
,diğer,Benim MSI B550-A Pro anakartım var ve 'www.kingston.com/tr/memory/search/model/101297/msi-b550-a-pro-motherboard' sitesinden uyumlu olduğu gösterildiği için parça numarası 'KF432C16RB12AK2/32' olan kit RAM'ini satın aldım. Ancak bu ürün Dual Channel işlemi desteklemiyor ve ürünün orijinal bandını aç...,4,https://www.sikayetvar.com/search?search=samsung&page=4
,diğer,13.12.2023 tarihinde mevcut hattımı Bimcell'e taşıdım ama internet paketi yüklememe rağmen interneti kullanamıyorum. Google search yapabiliyorum ama sitelere giremiyorum. Sistemden şikayet oluşturmama rağmen problem hala çözülmedi. Müşteri şikayetlerini aradım ama kimseye ulaşmak mümkün değil.,4,https://www.sikayetvar.com/search?search=samsung&page=4
,diğer,"27.11.2023 tarihinde arya Gross isimli mağazadan ""Samsung Galaxy A54 128GB"" telefon sipariş ettim ( https://www.aryagross.com/samsung-galaxy-a54-128-gb-8-gb-ram?search=galaxy&page=2 ). Siteden Kredi kartıyla ödeme yapılamadığı için bana IBAN numarası verdiler ben de verilen hesaba 13099.99TL EFT yap...",4,https://www.sikayetvar.com/search?search=samsung&page=4
,diğer,"Aras Kargo'nun Yarımburgaz şubesinden dağıtıma çıktı bildirimi aldıktan çok kısa bir süre sonra, 'şubeden almayı tercih ettiğiniz için teslim edilemedi' şeklinde bir uyarı ile karşılaştım. Oysaki evde olduğumu gönderdikleri SMS ile beyan etmiştim. Google yorumlarına baktı herkese aynı şeyi yapıyorla...",4,https://www.sikayetvar.com/search?search=samsung&page=4
,diğer,2yıl önce aldığım Huawei p40 Lite telefondan daha önce yaşamadığım bir sıkıntı yaşıyorum. More apps giremiyorum. Ne yapmam gerek? Daha önce öyle bir s...,4,https://www.sikayetvar.com/search?search=samsung&page=4
,diğer,"Merhaba, D Smart Net üzerinden 2 adet aboneliğim mevcut. Sözleşmesindeki taahhüt süresi bugün sona erecek olan 63376926 numaralı aboneliğimi 23.11.2022 tarihinde abonelik yaparken her ay 40 TL modem bedeli alınacağı söylendi. Ancak sözleşme bitim süresi geldiğinde her ay ödenen 40 TL'nin aslında mod...",4,https://www.sikayetvar.com/search?search=samsung&page=4
,Vodafone,"Vodafone Red tarifem 30GB Ultra sınırsız paketini aldım. 30 GB internete ek internetinizden yemeyen sınırsız Youtube.com ®. Com ®. Com, Instagram ® ®, Facebook ® ®, Spotify ® ®, WhatsApp ® ®, 3000 dakika ve 250 SMS sözde ama Youtube.com, Instagram sosyal medya paketleri sınırsız değil ve ilk 1 sene...",4,https://www.sikayetvar.com/search?search=samsung&page=4
,diğer,Merhaba https://www.google.com/search?q=shell+yakuplu&ie=UTF-8&oe=UTF-8&hl=tr-tr&client=safari# Bağlantıdaki konumunda bulunan İstanbul Beylikdüzü Karma Grup Shell Benzin İstasyonu’nda su-köpük araç yıkama bölümünde bulunan otomatlar çalıştırılmıyor. Satın alımlar için istasyon içerisine mecbur bır...,4,https://www.sikayetvar.com/search?search=samsung&page=4
,diğer,"Kullanmış olduğunuz numara, 5... Numaralı GSM numarasına, irtibat numarası olarak tanımlanmıştır. İrtibat numarasını doğrulamak için ""uygun"" yazarak 7...",4,https://www.sikayetvar.com/search?search=samsung&page=4
,diğer,"Google Chrome'da tüm ayarları doğru yapmış olmama, Yahoo ile ilgili her şeyi kaldırmış olmama rağmen, hala arama yaptığımda ayrı bir sekme ile 'Yahoo Search' açılıyor! Bu nasıl bir tacizdir anlaşılır gibi değil! Google buna nasıl izin veriyor? İşin en rahatsız edici tarafı, Google'a ulaşamamak ve bu...",4,https://www.sikayetvar.com/search?search=samsung&page=4
,diğer,28 Eylül 2023 tarihinde A101 ® marketten search Kiwi pets otomatik pet su çeşmesi aldım. 15 Ekim 2023 tarihinde bir ay bile kullanmadan ürünün pompası bozuldu. Bir anda çalışması durdu.! Müşteri hizmetlerine ulaşmak imkansız. Muhatap olabileceğim kimse yok! Benim mağduriyetim nasıl giderilecek. Şika...,4,https://www.sikayetvar.com/search?search=samsung&page=4
,diğer,"Şikayetvar Yaz Marka, model, ürün ara search icon Trendyol Beğen Kazan Dediler profile Osman Kendi şahsi numarama dün WhatsApp ® üzerinden yabancı bir numara mesaj atmış bulunmaktadır. Şahıs Trendyol ® çalışanı olduğunu iddia edip bana günlük 500-2000 TL aralığında onlarla çalışırsam p...",4,https://www.sikayetvar.com/search?search=samsung&page=4
,diğer,"Toplam çözüm sayısı 22. 775566. 775599 canlı izle Şikayetvar Yaz Marka, model, ürün ara search icon Renault Reno Tam Bir Hayal Kırıklığı profile Tülay 1 saat önce 0 Merhaba hayatımda bu kadar sıkıntılı bir süreç yaşamadım. 34buz400 plakalı aracım bir kaza yaptı. Reno servisine güvendiğimiz için arac...",4,https://www.sikayetvar.com/search?search=samsung&page=4
,diğer,"Şikayetvar Yaz Budak lojistik Marka, model, ürün ara search icon İşin Olsun Başvurusu profile Meryem İşin olsun uygulaması üzerinden başvuruda bulundum. Web sitesi üzerindeki formu doldurdum. Formda t. C. Kimlik no, IBAN numaram, telefon numaram ve adres bilgilerim vardı. WhatsApp ® ü...",4,https://www.sikayetvar.com/search?search=samsung&page=4
,diğer,"Şikayetvar Yaz Marka, model, ürün ara search icon call center Platinum (Callcenterturkiye.com.tr) Yanıltmacası! Profile Hürü 6 gün önce call center Platinum isimli sitede görmüş olduğum Home office çağrı merkezi iş başvurusu yapmış bulunmaktayım. Olumlu olarak WhatsApp'tan geri dönüş...",4,https://www.sikayetvar.com/search?search=samsung&page=4
,diğer,"Marka, model, ürün ara search icon Halkbank Paraf Kart Ücreti profile 1 saat önce 13 Sonu 1040 ile biten Halkbank Paraf Kartımdan 160,50TL Kart Ücreti Kesilmiştir. Aidat ücretlerinin aşağıda belirtilen kanun hükümleri gereği ve ekstra hiçbir şarta bağlanmaksızın iptal edilmesini talep ediyorum. ""Tük...",4,https://www.sikayetvar.com/search?search=samsung&page=4
,diğer,VakıfBank Kredi Kartı Ve Ek Kart İçin Yıllık Aidat Kesilmesi,5,https://www.sikayetvar.com/search?search=samsung&page=5
,diğer,Sonu 1538 ile biten ve ek kartıma 289 ve 119 TL şeklinde aidat gelmiştir. 15 seneye yakın kartınızı kullanmaktayım ve şimdiye kadar gelmeyen aidat gel...,5,https://www.sikayetvar.com/search?search=samsung&page=5
,diğer,"Toplam çözüm sayısı 22 . 773344 . 330066 canlı izle Şikayetvar Yaz Marka, model, ürün ara search icon İşin Olsun İş Başvurusu Şikayeti p...",5,https://www.sikayetvar.com/search?search=samsung&page=5
,diğer,Halkbank Kredi Kart Ücreti,5,https://www.sikayetvar.com/search?search=samsung&page=5
,diğer,"Marka, model, ürün ara search icon Halkbank Paraf Kart Ücreti profile S***** 1 saat önce 13 Sonu 6744 ile biten Halkbank Paraf Platinum Kartımdan 160,50TL Kart Ücreti Kesilmiştir. Aidat ücretlerinin aşağıda belirtilen kanun hükümleri gereği ve ekstra hiçbir şarta bağlanmaksızın iptal edilmesini tal...",5,https://www.sikayetvar.com/search?search=samsung&page=5
,diğer,1,5,https://www.sikayetvar.com/search?search=samsung&page=5
,diğer,Pierre Cardin Giyim Pierre Cardin Boyner'de Satılırsa,5,https://www.sikayetvar.com/search?search=samsung&page=5
,diğer,"Marka, model, ürün ara search icon Boyner Müşteri Temsilcisi. Pierre Cardin Çanta profile Ayfer 4 gün önce 52 Haziran ayında tatilde Balıkesir 10burda AVM Boyner mağazasından Pierre Cardin marka çanta aldım. Bir hafta sonra yaşadığım şehre döndüm. Çantayı sadece işe gelip giderken kullandım. Od...",5,https://www.sikayetvar.com/search?search=samsung&page=5
,diğer,DASK Ödemesi Gereken Ücreti Ödemiyor,5,https://www.sikayetvar.com/search?search=samsung&page=5
,diğer,"Şikayetvar Yaz Marka, model, ürün ara search icon DASK Para İadesi Sorunu profile Abdullah 30 Mayıs 3.624 Deprem dolayısıyla dasktan tarafıma para yattı 03.03.2023 tarihinde 10 yıl önce konut kredisi çekmiştim. İpotek in kaldırılması gerek denildi. İpotek i kaldırdım muvafakatname y...",5,https://www.sikayetvar.com/search?search=samsung&page=5
,diğer,1,5,https://www.sikayetvar.com/search?search=samsung&page=5
,diğer,"Şikayetvar Yaz Marka, model, ürün ara search icon Papara Burs Adı Altında Adıma Hesap Açılması profile Samet 3 gün önce 3.151 İsteğimiz Dışında Papara Hesabı Açma Benim adıma Papara hesabı açtılar hesap bilgilerimi aldılar ve ulaşamıyorum. Destek burs dağıtım şirketi olarak para gönder...",5,https://www.sikayetvar.com/search?search=samsung&page=5
,diğer,İnternet Ve DSmart,5,https://www.sikayetvar.com/search?search=samsung&page=5
,diğer,"Şikayetvar Yaz Marka, model, ürün ara search icon Değerlendir Şikayetin sonucundan ne kadar memnunsun? TurkNet Yeni İnternete Geçiş Yapmama Rağmen Gelmemesi Ve Müşteri Hizmetleri profile Sibel 3 saat önce 0 Normalde kullandığım internet bağlantısından memnun kalmadığ...",5,https://www.sikayetvar.com/search?search=samsung&page=5
,diğer,İşin Olsun Adı Altında Form Doldurtup IBAN T. C. Telefon No İstediler,5,https://www.sikayetvar.com/search?search=samsung&page=5
,diğer,"Toplam çözüm sayısı 22 . 773344 . 330066 canlı izle Şikayetvar Yaz Marka, model, ürün ara search icon İşin Olsun İş Başvurusu Şikayeti p...",5,https://www.sikayetvar.com/search?search=samsung&page=5
,diğer,Yapı Kredi Yatırım Kart Aidatı İadesi,5,https://www.sikayetvar.com/search?search=samsung&page=5
,diğer,"Marka, model, ürün ara search icon Yapı Kredi Bankası Yıllık Kart Ücreti iadesi. Sonu 5970 ile biten Yapı Kredi Bankası World kredi kartımdan 27.08.2023 tarihinde bilgim ve onayım dışında 356TL tutarında 'yıllık kart ücreti' adı altında tutar çekilmiş ve ekstreme yansıtılmıştır. 'Tüketici kanunu 28...",5,https://www.sikayetvar.com/search?search=samsung&page=5
,diğer,VakıfBank Kredi Kartı Ve Ek Kart İçin Yıllık Aidat Kesilmesi,5,https://www.sikayetvar.com/search?search=samsung&page=5
,diğer,Sonu 1538 ile biten ve ek kartıma 289 ve 119 TL şeklinde aidat gelmiştir. 15 seneye yakın kartınızı kullanmaktayım ve şimdiye kadar gelmeyen aidat gel...,5,https://www.sikayetvar.com/search?search=samsung&page=5
,diğer,Ataköy Hastanesi Yanlış Ameliyat Liposuction,5,https://www.sikayetvar.com/search?search=samsung&page=5
,diğer,"Ürün seçerken doğru karar için ürün karşılaştırmasını gör Şikayetvar Yaz Marka, model, ürün ara search icon Değerlendir Şikayetin sonucundan ne kadar memnunsun? Yanlış ameliyat u*** h******* profile Tuğba az önce 0 Şafak Hastanesi'nde liposuction hastane değişiklik nedeniyle Ataköy Hastanesi'ne geçt...",5,https://www.sikayetvar.com/search?search=samsung&page=5
,diğer,Otelz Prinkipos İnanılmaz Kötü Çok Kötü!,5,https://www.sikayetvar.com/search?search=samsung&page=5
,diğer,"Şikayetvar Yaz Marka, model, ürün ara search icon Değerlendir Şikayetin sonucundan ne kadar memnunsun? Prinkipos ot...",5,https://www.sikayetvar.com/search?search=samsung&page=5
,diğer,Hepsiburada Neden Böylesin Sen Ya,5,https://www.sikayetvar.com/search?search=samsung&page=5
,diğer,"Şikayetvar Yaz Marka, model, ürün ara search icon Değerlendir Şikayetin sonucundan ne kadar memnunsun? Hepsiburada ürünü lojistik firmasına ver profile Uğur az önce 0 Hepsiburada şirketinden bir televizyon satın aldım. Ürünüm kendi firmaları olan hepsijetxl firması...",5,https://www.sikayetvar.com/search?search=samsung&page=5
,diğer,Görev Yap Para Kazan Kimlik Ve Banka Bilgilerim Çalınabilir,5,https://www.sikayetvar.com/search?search=samsung&page=5
,diğer,"Şikayetvar Yaz Marka, model, ürün ara search icon Görev Yap Para kazan [19/8 12:13] +62 838-7591-60863: Merhaba [19/8 13:45] +62 838-7591-60863 serbest çalışıyorum. Sizin için bir fırsatımız var, detayları paylaşabilir miyim? [19/8 13:45] +62 838-7591-60863: İşimiz basit, Google ® har...",5,https://www.sikayetvar.com/search?search=samsung&page=5
,diğer,1,5,https://www.sikayetvar.com/search?search=samsung&page=5
,diğer,18.07.2023 tarihinde oğlum için almış olduğumuz https://www.arcelik.com.tr/split-klima/15325-klima?utm_source=google&utm_medium=cpc&utm_campaign=search&utm_content=brand&ds_rl=1302519&ds_rl=1302519&gclid=Cj0KCQjwib2mBhDWARIsAPZUn_nBhG_YQVgznFQLAWM-hTxLfFgGHHjlLLHaSyZ9nku1RqePeVk07JMaAqDvEALw_wcB&gcl...,5,https://www.sikayetvar.com/search?search=samsung&page=5
,Vodafone,Vodafone Mobil İnternet Şikayet,5,https://www.sikayetvar.com/search?search=samsung&page=5
,Vodafone,"Vodafone kadar kötü bir internet hayatımda yaşamadım. Son 2 aydır internet yok denecek kadar az en basit sosyal medyada her 30 sn. De bir net sanki komple gidiyor, Kaç kere müşteri hizmetlerini aradım bir şey ettikleri yok. Lütfen bir çözüm getirin. Bu soruna. Bu arada aşağıdaki linke de ayrıca bakı...",5,https://www.sikayetvar.com/search?search=samsung&page=5
,diğer,Samsung Klima Servisi A,5,https://www.sikayetvar.com/search?search=samsung&page=5
,diğer,Samsun klima aldım 20 gündür bekliyorum. Servis gelmedi ve randevu günü geleceğiz deyip gelmediler. Servisi aradım 42 dakika hatta sıra bekledim ve sıra gelince telefonu kapattılar. Yüzüme bağlanmak için defalarca aradım ve genede gelmediler https://www.google.com.tr/search?q=Service+Center+%3A+3368...,5,https://www.sikayetvar.com/search?search=samsung&page=5
,diğer,Mini Reyon Ürünümü Göndermedi İade Yapmadı,5,https://www.sikayetvar.com/search?search=samsung&page=5
,diğer,04.06.2023'de https://minireyon.com/philips-hr2602-00-daily-collection-350-w-mini-smoothie-blender-beyaz?search=philips%20hr adresi üzerinden Philips marka ürün satın aldım. Elimizde banka ekstresinde ödeme dekontu mevcut. Fakat firma ürünümü göndermedi ve sitelerinde ilettikleri telefon numaraları...,5,https://www.sikayetvar.com/search?search=samsung&page=5
,diğer,3,5,https://www.sikayetvar.com/search?search=samsung&page=5
,diğer,Natro Hosting Wordpress Hosting Hizmeti Fiyasko,5,https://www.sikayetvar.com/search?search=samsung&page=5
,diğer,Wordpress Hosting adı altında sattıkları hizmet tamamen fiyasko. Sitenizin açılması 1 dakika sürüyor ve Google Search Console sayfalarınızı tek tek siliyorlar. Ayrıca çıkış yapmak istediğinizde kuruluma yardım olamayacaklarını söylüyorlar. Türkiye'deki en büyük dermokozmetik şirketlerinden birinin d...,5,https://www.sikayetvar.com/search?search=samsung&page=5
,diğer,Eti Crax Patlayan Lezzet Sertliği,5,https://www.sikayetvar.com/search?search=samsung&page=5
,diğer,Eti Crax patlayan lezzet limon ve biber ürününden yerlen dişimi kırdım. Çok sert bir gıda çocuğuma da asla yedirmem bir daha. https://www.google.com/search?q=eti+crax+limonlu&oq=eti+crax.lomon&aqs=chrome.1.69i57j0i13i30j0i390i650l2.4827j0j7&client=ms-android-samsung-ga-rev1&sourceid=chrome-mobile&i...,5,https://www.sikayetvar.com/search?search=samsung&page=5
,diğer,Revelioapp.net Ücretli Revelio Çalışmıyor,5,https://www.sikayetvar.com/search?search=samsung&page=5
,diğer,Revelio app abonelik aldım profili arattırıyorum search e basıyorum bir şey çıkmıyor bir şey yüklenmiyor profilin username ini yazıyorum ben robot değilim e tıklıyorum doğruluyorum search e basıyorum ama yok aratmıyor. Lütfen sorunumu çözün yoksa yasal haklarıma başvuracağım. Bende de aynı şekilde,5,https://www.sikayetvar.com/search?search=samsung&page=5
,diğer,Siparisdirekt.com Unilever Puanların Silinmesi,5,https://www.sikayetvar.com/search?search=samsung&page=5
,diğer,"40 yılı aşkındır market kanalı sizlerin müşterisiyiz efendim. Geçen sene uygulamanız üzerinden puanlarımız vardı. İş değişikliği nedeniyle ve gelen arkadaşlar ilgilenmediği için puanlarımız silindi. Lütfen yardımcı olursanız sevinirim. Puanlarımızın haberimiz olmadan silinmesinden dolayı, Unilever g...",5,https://www.sikayetvar.com/search?search=samsung&page=5
,diğer,Shell Arsemia Şubesi Düzensizliği,5,https://www.sikayetvar.com/search?search=samsung&page=5
,diğer,https://www.google.com/maps/search/?api=1&query=%C5%9EER%C4%B0FAL%C4%B0%20MH.%20%C5%9EEH%C4%B0T%20SK.%20A%20BLOK%2052%2C%2034760%2C%20%C3%9CMRAN%C4%B0YE%20%C4%B0STANBUL%2C%20TR Linkteki Shell şubesi çok düzensiz çalışıyor. Evinize yakın olduğu için ya bu Shell'i ya da tepeüstündeki Shell'i kullanıy...,5,https://www.sikayetvar.com/search?search=samsung&page=5
,diğer,,5,https://www.sikayetvar.com/search?search=samsung&page=5
,diğer,2,5,https://www.sikayetvar.com/search?search=samsung&page=5
,diğer,3,5,https://www.sikayetvar.com/search?search=samsung&page=5
,diğer,4,5,https://www.sikayetvar.com/search?search=samsung&page=5
,diğer,6,5,https://www.sikayetvar.com/search?search=samsung&page=5
,diğer,7,5,https://www.sikayetvar.com/search?search=samsung&page=5
,diğer,,5,https://www.sikayetvar.com/search?search=samsung&page=5
,diğer,"Marka, model, ürün ara search icon Halkbank Paraf Kart Ücreti profile S***** 1 saat önce 13 Sonu 6744 ile biten Halkbank Paraf Platinum Kartımdan 160,50TL Kart Ücreti Kesilmiştir. Aidat ücretlerinin aşağıda belirtilen kanun hükümleri gereği ve ekstra hiçbir şarta bağlanmaksızın iptal edilmesini tal...",5,https://www.sikayetvar.com/search?search=samsung&page=5
,diğer,"Marka, model, ürün ara search icon Boyner Müşteri Temsilcisi. Pierre Cardin Çanta profile Ayfer 4 gün önce 52 Haziran ayında tatilde Balıkesir 10burda AVM Boyner mağazasından Pierre Cardin marka çanta aldım. Bir hafta sonra yaşadığım şehre döndüm. Çantayı sadece işe gelip giderken kullandım. Od...",5,https://www.sikayetvar.com/search?search=samsung&page=5
,diğer,"Şikayetvar Yaz Marka, model, ürün ara search icon DASK Para İadesi Sorunu profile Abdullah 30 Mayıs 3.624 Deprem dolayısıyla dasktan tarafıma para yattı 03.03.2023 tarihinde 10 yıl önce konut kredisi çekmiştim. İpotek in kaldırılması gerek denildi. İpotek i kaldırdım muvafakatname y...",5,https://www.sikayetvar.com/search?search=samsung&page=5
,diğer,"Şikayetvar Yaz Marka, model, ürün ara search icon Papara Burs Adı Altında Adıma Hesap Açılması profile Samet 3 gün önce 3.151 İsteğimiz Dışında Papara Hesabı Açma Benim adıma Papara hesabı açtılar hesap bilgilerimi aldılar ve ulaşamıyorum. Destek burs dağıtım şirketi olarak para gönder...",5,https://www.sikayetvar.com/search?search=samsung&page=5
,diğer,"Şikayetvar Yaz Marka, model, ürün ara search icon Değerlendir Şikayetin sonucundan ne kadar memnunsun? TurkNet Yeni İnternete Geçiş Yapmama Rağmen Gelmemesi Ve Müşteri Hizmetleri profile Sibel 3 saat önce 0 Normalde kullandığım internet bağlantısından memnun kalmadığ...",5,https://www.sikayetvar.com/search?search=samsung&page=5
,diğer,"Toplam çözüm sayısı 22 . 773344 . 330066 canlı izle Şikayetvar Yaz Marka, model, ürün ara search icon İşin Olsun İş Başvurusu Şikayeti p...",5,https://www.sikayetvar.com/search?search=samsung&page=5
,diğer,"Marka, model, ürün ara search icon Yapı Kredi Bankası Yıllık Kart Ücreti iadesi. Sonu 5970 ile biten Yapı Kredi Bankası World kredi kartımdan 27.08.2023 tarihinde bilgim ve onayım dışında 356TL tutarında 'yıllık kart ücreti' adı altında tutar çekilmiş ve ekstreme yansıtılmıştır. 'Tüketici kanunu 28...",5,https://www.sikayetvar.com/search?search=samsung&page=5
,diğer,Sonu 1538 ile biten ve ek kartıma 289 ve 119 TL şeklinde aidat gelmiştir. 15 seneye yakın kartınızı kullanmaktayım ve şimdiye kadar gelmeyen aidat gel...,5,https://www.sikayetvar.com/search?search=samsung&page=5
,diğer,"Ürün seçerken doğru karar için ürün karşılaştırmasını gör Şikayetvar Yaz Marka, model, ürün ara search icon Değerlendir Şikayetin sonucundan ne kadar memnunsun? Yanlış ameliyat u*** h******* profile Tuğba az önce 0 Şafak Hastanesi'nde liposuction hastane değişiklik nedeniyle Ataköy Hastanesi'ne geçt...",5,https://www.sikayetvar.com/search?search=samsung&page=5
,diğer,"Şikayetvar Yaz Marka, model, ürün ara search icon Değerlendir Şikayetin sonucundan ne kadar memnunsun? Prinkipos ot...",5,https://www.sikayetvar.com/search?search=samsung&page=5
,diğer,"Şikayetvar Yaz Marka, model, ürün ara search icon Değerlendir Şikayetin sonucundan ne kadar memnunsun? Hepsiburada ürünü lojistik firmasına ver profile Uğur az önce 0 Hepsiburada şirketinden bir televizyon satın aldım. Ürünüm kendi firmaları olan hepsijetxl firması...",5,https://www.sikayetvar.com/search?search=samsung&page=5
,diğer,"Şikayetvar Yaz Marka, model, ürün ara search icon Görev Yap Para kazan [19/8 12:13] +62 838-7591-60863: Merhaba [19/8 13:45] +62 838-7591-60863 serbest çalışıyorum. Sizin için bir fırsatımız var, detayları paylaşabilir miyim? [19/8 13:45] +62 838-7591-60863: İşimiz basit, Google ® har...",5,https://www.sikayetvar.com/search?search=samsung&page=5
,diğer,18.07.2023 tarihinde oğlum için almış olduğumuz https://www.arcelik.com.tr/split-klima/15325-klima?utm_source=google&utm_medium=cpc&utm_campaign=search&utm_content=brand&ds_rl=1302519&ds_rl=1302519&gclid=Cj0KCQjwib2mBhDWARIsAPZUn_nBhG_YQVgznFQLAWM-hTxLfFgGHHjlLLHaSyZ9nku1RqePeVk07JMaAqDvEALw_wcB&gcl...,5,https://www.sikayetvar.com/search?search=samsung&page=5
,Vodafone,"Vodafone kadar kötü bir internet hayatımda yaşamadım. Son 2 aydır internet yok denecek kadar az en basit sosyal medyada her 30 sn. De bir net sanki komple gidiyor, Kaç kere müşteri hizmetlerini aradım bir şey ettikleri yok. Lütfen bir çözüm getirin. Bu soruna. Bu arada aşağıdaki linke de ayrıca bakı...",5,https://www.sikayetvar.com/search?search=samsung&page=5
,diğer,Samsun klima aldım 20 gündür bekliyorum. Servis gelmedi ve randevu günü geleceğiz deyip gelmediler. Servisi aradım 42 dakika hatta sıra bekledim ve sıra gelince telefonu kapattılar. Yüzüme bağlanmak için defalarca aradım ve genede gelmediler https://www.google.com.tr/search?q=Service+Center+%3A+3368...,5,https://www.sikayetvar.com/search?search=samsung&page=5
,diğer,04.06.2023'de https://minireyon.com/philips-hr2602-00-daily-collection-350-w-mini-smoothie-blender-beyaz?search=philips%20hr adresi üzerinden Philips marka ürün satın aldım. Elimizde banka ekstresinde ödeme dekontu mevcut. Fakat firma ürünümü göndermedi ve sitelerinde ilettikleri telefon numaraları...,5,https://www.sikayetvar.com/search?search=samsung&page=5
,diğer,Wordpress Hosting adı altında sattıkları hizmet tamamen fiyasko. Sitenizin açılması 1 dakika sürüyor ve Google Search Console sayfalarınızı tek tek siliyorlar. Ayrıca çıkış yapmak istediğinizde kuruluma yardım olamayacaklarını söylüyorlar. Türkiye'deki en büyük dermokozmetik şirketlerinden birinin d...,5,https://www.sikayetvar.com/search?search=samsung&page=5
,diğer,Eti Crax patlayan lezzet limon ve biber ürününden yerlen dişimi kırdım. Çok sert bir gıda çocuğuma da asla yedirmem bir daha. https://www.google.com/search?q=eti+crax+limonlu&oq=eti+crax.lomon&aqs=chrome.1.69i57j0i13i30j0i390i650l2.4827j0j7&client=ms-android-samsung-ga-rev1&sourceid=chrome-mobile&i...,5,https://www.sikayetvar.com/search?search=samsung&page=5
,diğer,Revelio app abonelik aldım profili arattırıyorum search e basıyorum bir şey çıkmıyor bir şey yüklenmiyor profilin username ini yazıyorum ben robot değilim e tıklıyorum doğruluyorum search e basıyorum ama yok aratmıyor. Lütfen sorunumu çözün yoksa yasal haklarıma başvuracağım. Bende de aynı şekilde,5,https://www.sikayetvar.com/search?search=samsung&page=5
,diğer,"40 yılı aşkındır market kanalı sizlerin müşterisiyiz efendim. Geçen sene uygulamanız üzerinden puanlarımız vardı. İş değişikliği nedeniyle ve gelen arkadaşlar ilgilenmediği için puanlarımız silindi. Lütfen yardımcı olursanız sevinirim. Puanlarımızın haberimiz olmadan silinmesinden dolayı, Unilever g...",5,https://www.sikayetvar.com/search?search=samsung&page=5
,diğer,https://www.google.com/maps/search/?api=1&query=%C5%9EER%C4%B0FAL%C4%B0%20MH.%20%C5%9EEH%C4%B0T%20SK.%20A%20BLOK%2052%2C%2034760%2C%20%C3%9CMRAN%C4%B0YE%20%C4%B0STANBUL%2C%20TR Linkteki Shell şubesi çok düzensiz çalışıyor. Evinize yakın olduğu için ya bu Shell'i ya da tepeüstündeki Shell'i kullanıy...,5,https://www.sikayetvar.com/search?search=samsung&page=5
